,path,size,Class
251,audio/ring_0328.wav,1133912,ring
252,audio/bg_0013_time_stretch_0.wav,1130892,bags
253,audio/k_0001_time_stretch_1.wav,1108896,keyboard
254,audio/ring_0641.wav,1107854,ring
255,audio/k_0007_time_stretch_1.wav,1102844,keyboard
256,audio/bg_0023_time_stretch_0.wav,1090416,bags
257,audio/ring_0631.wav,1089896,ring
258,audio/bg_0006_time_stretch_3.wav,1086820,bags
259,audio/bg_0005_time_stretch_0.wav,1086004,bags
260,audio/ring_0553.wav,1085158,ring
261,audio/ring_0543.wav,1082570,ring
262,audio/t_keyboard_0001_time_stretch_1.wav,1079420,keyboard
263,audio/bg_0024_time_stretch_1.wav,1079210,bags
264,audio/ring_0541.wav,1074866,ring
265,audio/bg_0021_time_stretch_1.wav,1072274,bags
266,audio/k_0006_time_stretch_0.wav,1068444,keyboard
267,audio/k_0012_time_stretch_1.wav,1062936,keyboard
268,audio/k_0010_time_stretch_1.wav,1060004,keyboard
269,audio/bg_0022_time_stretch_0.wav,1059124,bags
270,audio/bg_0024_time_stretch_0.wav,1055894,bags
271,audio/k_0008_time_stretch_1.wav,1054840,keyboard
272,audio/ring_0330.wav,1051476,ring
273,audio/ring_0320.wav,1051476,ring
274,audio/ring_0326.wav,1051476,ring
275,audio/ring_0319.wav,1051476,ring
276,audio/ring_0318.wav,1051476,ring
277,audio/ring_0327.wav,1051476,ring
278,audio/ring_0329.wav,1051476,ring
279,audio/ring_0325.wav,1051476,ring
280,audio/ring_0331.wav,1051476,ring
281,audio/ring_0314.wav,1051476,ring
282,audio/ring_0316.wav,1051476,ring
283,audio/ring_0315.wav,1051476,ring
284,audio/ring_0324.wav,1051474,ring
285,audio/ring_0313.wav,1051474,ring
286,audio/ring_0333.wav,1045188,ring
287,audio/k_0007_time_stretch_2.wav,1042568,keyboard
288,audio/k_0003_time_stretch_2.wav,1040284,keyboard
289,audio/k_0008_time_stretch_3.wav,1040052,keyboard
290,audio/k_0011_time_stretch_1.wav,1033262,keyboard
291,audio/k_0015_time_stretch_3.wav,1032866,keyboard
292,audio/k_0007_time_stretch_3.wav,1032136,keyboard
293,audio/bg_0020_time_stretch_0.wav,1031112,bags
294,audio/k_0004_time_stretch_0.wav,1028378,keyboard
295,audio/k_0018_time_stretch_3.wav,1019616,keyboard
296,audio/k_0017_time_stretch_2.wav,1018494,keyboard
297,audio/k_0010_time_stretch_0.wav,1013190,keyboard
298,audio/t_keyboard_0001_time_stretch_2.wav,1007810,keyboard
299,audio/ring_0211.wav,1006416,ring
300,audio/k_0004_time_stretch_3.wav,1004112,keyboard
301,audio/k_0005_time_stretch_1.wav,1002258,keyboard
302,audio/bg_0030.wav,992044,bags
303,audio/bg_0029.wav,992044,bags
304,audio/k_0009_time_stretch_2.wav,986978,keyboard
305,audio/k_0001.wav,984962,keyboard
306,audio/ring_0322.wav,978726,ring
307,audio/k_0003_time_stretch_1.wav,974256,keyboard
308,audio/ring_0548.wav,970762,ring
309,audio/ring_0113.wav,968820,ring
310,audio/ring_0119.wav,967834,ring
311,audio/ring_0534.wav,960216,ring
312,audio/ring_0535.wav,960216,ring
313,audio/ring_0536.wav,960216,ring
314,audio/ring_0538.wav,960216,ring
315,audio/ring_0539.wav,960216,ring
316,audio/ring_0545.wav,960216,ring
317,audio/ring_0546.wav,960216,ring
318,audio/ring_0547.wav,960216,ring
319,audio/ring_0549.wav,960216,ring
320,audio/ring_0550.wav,960216,ring
321,audio/ring_0551.wav,960216,ring
322,audio/ring_0540.wav,960216,ring
323,audio/ring_0544.wav,960214,ring
324,audio/ring_0533.wav,960214,ring
325,audio/ring_0633.wav,960044,ring
326,audio/k_0002.wav,960044,keyboard
327,audio/ring_0635.wav,960044,ring
328,audio/ring_0639.wav,960044,ring
329,audio/ring_0634.wav,960044,ring
330,audio/ring_0632.wav,960044,ring
331,audio/ring_0637.wav,960044,ring
332,audio/ring_0638.wav,960044,ring
333,audio/ring_0621.wav,960044,ring
334,audio/ring_0626.wav,960044,ring
335,audio/ring_0628.wav,960044,ring
336,audio/ring_0622.wav,960044,ring
337,audio/ring_0623.wav,960044,ring
338,audio/ring_0624.wav,960044,ring
339,audio/ring_0627.wav,960044,ring
340,audio/k_0003_time_stretch_0.wav,949240,keyboard
341,audio/ring_0454.wav,948554,ring
342,audio/bg_0019_time_stretch_3.wav,945160,bags
343,audio/k_0010_time_stretch_2.wav,943770,keyboard
344,audio/k_0009_time_stretch_3.wav,932708,keyboard
345,audio/bg_0009_time_stretch_0.wav,930898,bags
346,audio/ring_0218.wav,925046,ring
347,audio/ring_0123.wav,922746,ring
348,audio/bg_0009.wav,918232,bags
349,audio/bg_0010.wav,918232,bags
350,audio/tool_0936.wav,912496,tool
351,audio/tool_0937.wav,912496,tool
352,audio/bg_0014_time_stretch_3.wav,912496,bags
353,audio/k_0015_time_stretch_0.wav,909952,keyboard
354,audio/k_0007_time_stretch_0.wav,903562,keyboard
355,audio/bg_0005_time_stretch_1.wav,901964,bags
356,audio/k_0013_time_stretch_0.wav,900940,keyboard
357,audio/bg_0006.wav,896522,bags
358,audio/bg_0005.wav,896522,bags
359,audio/k_0010_time_stretch_3.wav,894254,keyboard
360,audio/ring_0323.wav,892686,ring
361,audio/bg_0010_time_stretch_0.wav,888160,bags
362,audio/bg_0010_time_stretch_1.wav,886852,bags
363,audio/ring_0620.wav,886414,ring
364,audio/bg_0009_time_stretch_1.wav,884954,bags
365,audio/ring_0332.wav,878606,ring
366,audio/ring_0321.wav,872810,ring
367,audio/ring_0602.wav,868654,ring
368,audio/ring_0613.wav,868654,ring
369,audio/ring_0600.wav,868654,ring
370,audio/ring_0617.wav,868654,ring
371,audio/ring_0616.wav,868654,ring
372,audio/ring_0615.wav,868654,ring
373,audio/ring_0611.wav,868654,ring
374,audio/ring_0601.wav,868654,ring
375,audio/ring_0606.wav,868654,ring
376,audio/ring_0605.wav,868654,ring
377,audio/ring_0604.wav,868654,ring
378,audio/ring_0612.wav,868654,ring
379,audio/ring_0599.wav,868652,ring
380,audio/ring_0610.wav,868652,ring
381,audio/ring_0537.wav,866776,ring
382,audio/k_0014_time_stretch_1.wav,866218,keyboard
383,audio/ring_0221.wav,866058,ring
384,audio/ring_0220.wav,866058,ring
385,audio/ring_0219.wav,866058,ring
386,audio/ring_0204.wav,866058,ring
387,audio/ring_0217.wav,866058,ring
388,audio/ring_0208.wav,866058,ring
389,audio/ring_0209.wav,866058,ring
390,audio/ring_0216.wav,866058,ring
391,audio/ring_0205.wav,866058,ring
392,audio/ring_0215.wav,866058,ring
393,audio/ring_0210.wav,866058,ring
394,audio/ring_0206.wav,866058,ring
395,audio/ring_0214.wav,866056,ring
396,audio/ring_0203.wav,866056,ring
397,audio/k_0011_time_stretch_0.wav,864770,keyboard
398,audio/k_0003_time_stretch_3.wav,864230,keyboard
399,audio/bg_0031_time_stretch_3.wav,861506,bags
400,audio/k_0016_time_stretch_0.wav,859310,keyboard
401,audio/k_0021_time_stretch_3.wav,857654,keyboard
402,audio/ring_0625.wav,855394,ring
403,audio/ring_0552.wav,855022,ring
404,audio/t_keyboard_0001.wav,854478,keyboard
405,audio/ring_0222.wav,851646,ring
406,audio/ring_0114.wav,849970,ring
407,audio/bg_0021.wav,849802,bags
408,audio/bg_0022.wav,849802,bags
409,audio/ring_0636.wav,839144,ring
410,audio/k_0013_time_stretch_3.wav,838142,keyboard
411,audio/k_0008_time_stretch_2.wav,838140,keyboard
412,audio/ring_0619.wav,837312,ring
413,audio/ring_0122.wav,833766,ring
414,audio/ring_0121.wav,833766,ring
415,audio/ring_0120.wav,833766,ring
416,audio/ring_0106.wav,833766,ring
417,audio/ring_0105.wav,833766,ring
418,audio/ring_0109.wav,833766,ring
419,audio/ring_0110.wav,833766,ring
420,audio/ring_0117.wav,833766,ring
421,audio/ring_0107.wav,833766,ring
422,audio/ring_0111.wav,833766,ring
423,audio/ring_0118.wav,833766,ring
424,audio/ring_0116.wav,833766,ring
425,audio/ring_0115.wav,833764,ring
426,audio/ring_0104.wav,833764,ring
427,audio/bg_0024.wav,827132,bags
428,audio/bg_0023.wav,827132,bags
429,audio/k_0003.wav,824962,keyboard
430,audio/tt_k_0011_time_stretch_1.wav,822232,keyboard
431,audio/k_0014_time_stretch_0.wav,822092,keyboard
432,audio/ring_0542.wav,818362,ring
433,audio/bg_0014.wav,810556,bags
434,audio/bg_0013.wav,810556,bags
435,audio/bg_0004_time_stretch_1.wav,807518,bags
436,audio/ring_0614.wav,807306,ring
437,audio/ring_0207.wav,801052,ring
438,audio/ring_0108.wav,800626,ring
439,audio/k_0005.wav,800044,keyboard
440,audio/k_0004.wav,800044,keyboard
441,audio/ring_0630.wav,797124,ring
442,audio/ring_0603.wav,794050,ring
443,audio/k_0006.wav,793388,keyboard
444,audio/ring_0608.wav,790836,ring
445,audio/ring_0091.wav,784314,ring
446,audio/bg_0027_time_stretch_1.wav,780204,bags
447,audio/ring_0629.wav,779274,ring
448,audio/k_0019_time_stretch_3.wav,772700,keyboard
449,audio/ring_0102.wav,770742,ring
450,audio/k_0008_time_stretch_0.wav,767150,keyboard
451,audio/bg_0023_time_stretch_3.wav,759210,bags
452,audio/ring_0178.wav,755318,ring
453,audio/ring_0125.wav,751074,ring
454,audio/k_0009_time_stretch_0.wav,750974,keyboard
455,audio/k_0020_time_stretch_3.wav,749710,keyboard
456,audio/ring_0618.wav,749644,ring
457,audio/ring_0213.wav,749322,ring
458,audio/bg_0019_time_stretch_0.wav,748998,bags
459,audio/k_0014_time_stretch_3.wav,744360,keyboard
460,audio/ring_0103.wav,743006,ring
461,audio/ring_0090.wav,740402,ring
462,audio/ring_0168.wav,738794,ring
463,audio/bg_0031_time_stretch_0.wav,730902,bags
464,audio/ring_0212.wav,726220,ring
465,audio/k_0018_time_stretch_2.wav,724790,keyboard
466,audio/k_0015_time_stretch_2.wav,720140,keyboard
467,audio/ring_0124.wav,719944,ring
468,audio/k_0013_time_stretch_1.wav,719926,keyboard
469,audio/k_0007.wav,719234,keyboard
470,audio/t_keyboard_0011_time_stretch_0.wav,717718,keyboard
471,audio/bg_0004_time_stretch_3.wav,716240,bags
472,audio/bg_0028_time_stretch_0.wav,711624,bags
473,audio/tool_1401.wav,707372,tool
474,audio/tool_1400.wav,707372,tool
475,audio/bg_0027_time_stretch_0.wav,706924,bags
476,audio/background_0044_time_stretch_2.wav,706028,background
477,audio/bg_0019_time_stretch_1.wav,705620,bags
478,audio/t_keyboard_0029_time_stretch_3.wav,703444,keyboard
479,audio/ring_0607.wav,703130,ring
480,audio/bg_0018_time_stretch_1.wav,697192,bags
481,audio/tt_k_0012_time_stretch_1.wav,695056,keyboard
482,audio/background_0003_time_stretch_9.wav,694306,background
483,audio/ring_0112.wav,687754,ring
484,audio/background_0043_time_stretch_4.wav,686452,background
485,audio/ring_0089.wav,686194,ring
486,audio/ring_0087.wav,686194,ring
487,audio/ring_0099.wav,686194,ring
488,audio/ring_0098.wav,686194,ring
489,audio/ring_0096.wav,686194,ring
490,audio/ring_0095.wav,686194,ring
491,audio/ring_0094.wav,686194,ring
492,audio/ring_0088.wav,686194,ring
493,audio/ring_0100.wav,686194,ring
494,audio/ring_0085.wav,686194,ring
495,audio/ring_0084.wav,686194,ring
496,audio/ring_0083.wav,686194,ring
497,audio/ring_0093.wav,686192,ring
498,audio/ring_0082.wav,686192,ring
499,audio/t_ring_0041.wav,683550,ring
500,audio/k_0009_time_stretch_1.wav,677294,keyboard
501,audio/ring_0449.wav,675560,ring
502,audio/ring_0609.wav,667010,ring
503,audio/k_0011_time_stretch_3.wav,666128,keyboard
504,audio/k_0008.wav,664962,keyboard
505,audio/tt_kd_0013_time_stretch_5.wav,664780,knocking_door
506,audio/bg_0032_time_stretch_0.wav,664700,bags
507,audio/k_0020_time_stretch_1.wav,662274,keyboard
508,audio/ring_0466.wav,661434,ring
509,audio/k_0018_time_stretch_0.wav,655698,keyboard
510,audio/bg_0027_time_stretch_3.wav,655426,bags
511,audio/ring_0223.wav,654764,ring
512,audio/ring_0464.wav,653872,ring
513,audio/ring_0101.wav,652482,ring
514,audio/k_0016_time_stretch_1.wav,651686,keyboard
515,audio/t_keyboard_0009_time_stretch_1.wav,648314,keyboard
516,audio/t_keyboard_0031_time_stretch_0.wav,646824,keyboard
517,audio/k_0013_time_stretch_2.wav,646754,keyboard
518,audio/background_0004_time_stretch_6.wav,646670,background
519,audio/k_0020_time_stretch_2.wav,642988,keyboard
520,audio/bg_0020_time_stretch_1.wav,641548,bags
521,audio/k_0009.wav,640044,keyboard
522,audio/k_0011.wav,640044,keyboard
523,audio/k_0010.wav,640044,keyboard
524,audio/t_keyboard_0011_time_stretch_3.wav,639342,keyboard
525,audio/ring_0460.wav,638074,ring
526,audio/ring_0097.wav,637996,ring
527,audio/k_0012.wav,633388,keyboard
528,audio/bg_0028_time_stretch_1.wav,631566,bags
529,audio/ring_0465.wav,622718,ring
530,audio/k_0016_time_stretch_2.wav,622412,keyboard
531,audio/background_0005_time_stretch_2.wav,621852,background
532,audio/bg_0020_time_stretch_3.wav,621012,bags
533,audio/bg_0018_time_stretch_0.wav,620430,bags
534,audio/bg_0020.wav,620078,bags
535,audio/bg_0019.wav,620078,bags
536,audio/t_keyboard_0024_time_stretch_3.wav,619828,keyboard
537,audio/k_0019_time_stretch_2.wav,617352,keyboard
538,audio/tt_k_0007_time_stretch_0.wav,611170,keyboard
539,audio/bg_0017_time_stretch_3.wav,609612,bags
540,audio/k_0015_time_stretch_1.wav,609148,keyboard
541,audio/bg_0003_time_stretch_1.wav,608306,bags
542,audio/ring_0463.wav,607852,ring
543,audio/ring_0448.wav,607852,ring
544,audio/ring_0452.wav,607852,ring
545,audio/ring_0462.wav,607852,ring
546,audio/ring_0461.wav,607852,ring
547,audio/ring_0459.wav,607852,ring
548,audio/ring_0450.wav,607852,ring
549,audio/ring_0458.wav,607852,ring
550,audio/ring_0446.wav,607852,ring
551,audio/ring_0457.wav,607852,ring
552,audio/ring_0447.wav,607852,ring
553,audio/ring_0451.wav,607852,ring
554,audio/ring_0456.wav,607850,ring
555,audio/ring_0445.wav,607850,ring
556,audio/background_0003_time_stretch_12.wav,605334,background
557,audio/background_0044_time_stretch_1.wav,605112,background
558,audio/k_0019_time_stretch_0.wav,604448,keyboard
559,audio/background_0006_time_stretch_13.wav,601482,background
560,audio/k_0017_time_stretch_0.wav,600536,keyboard
561,audio/ring_0163.wav,599338,ring
562,audio/background_0005_time_stretch_9.wav,598384,background
563,audio/k_0027_time_stretch_1.wav,597422,keyboard
564,audio/background_0003_time_stretch_4.wav,596996,background
565,audio/bg_0003_time_stretch_0.wav,596926,bags
566,audio/t_keyboard_0029_time_stretch_2.wav,594780,keyboard
567,audio/ring_0453.wav,591622,ring
568,audio/bg_0031_time_stretch_1.wav,591338,bags
569,audio/bg_0032_time_stretch_1.wav,589308,bags
570,audio/ring_0224.wav,586328,ring
571,audio/background_0001_time_stretch_11.wav,584880,background
572,audio/k_0019_time_stretch_1.wav,583560,keyboard
573,audio/background_0001_time_stretch_6.wav,583022,background
574,audio/background_0043_time_stretch_7.wav,581202,background
575,audio/background_0044_time_stretch_10.wav,579918,background
576,audio/tt_k_0011_time_stretch_2.wav,577466,keyboard
577,audio/ring_0161.wav,576320,ring
578,audio/ring_0166.wav,576320,ring
579,audio/ring_0165.wav,576320,ring
580,audio/ring_0164.wav,576320,ring
581,audio/ring_0162.wav,576320,ring
582,audio/ring_0151.wav,576320,ring
583,audio/ring_0149.wav,576320,ring
584,audio/ring_0155.wav,576320,ring
585,audio/ring_0154.wav,576320,ring
586,audio/ring_0153.wav,576320,ring
587,audio/ring_0160.wav,576320,ring
588,audio/ring_0150.wav,576320,ring
589,audio/ring_0159.wav,576318,ring
590,audio/ring_0148.wav,576318,ring
591,audio/ring_0045.wav,575414,ring
592,audio/ring_0039.wav,575414,ring
593,audio/ring_0041.wav,575414,ring
594,audio/ring_0043.wav,575414,ring
595,audio/ring_0044.wav,575414,ring
596,audio/ring_0040.wav,575414,ring
597,audio/ring_0038.wav,575412,ring
598,audio/background_0004_time_stretch_13.wav,574156,background
599,audio/k_0023_time_stretch_1.wav,573768,keyboard
600,audio/keyboard_0028_time_stretch_1.wav,573684,keyboard
601,audio/tt_k_0012_time_stretch_0.wav,572878,keyboard
602,audio/bg_0025_time_stretch_3.wav,570234,bags
603,audio/background_0003_time_stretch_13.wav,569074,background
604,audio/background_0005_time_stretch_13.wav,567638,background
605,audio/t_keyboard_0006_time_stretch_3.wav,567382,keyboard
606,audio/background_0003_time_stretch_7.wav,564680,background
607,audio/k_0018_time_stretch_1.wav,564532,keyboard
608,audio/ring_0042.wav,562874,ring
609,audio/ring_0169.wav,560998,ring
610,audio/k_0013.wav,559234,keyboard
611,audio/bg_0025_time_stretch_1.wav,559152,bags
612,audio/k_0022_time_stretch_3.wav,559002,keyboard
613,audio/bg_0034_time_stretch_3.wav,558830,bags
614,audio/ring_0086.wav,558570,ring
615,audio/k_0022_time_stretch_2.wav,557256,keyboard
616,audio/background_0018_time_stretch_0.wav,556892,background
617,audio/ring_0157.wav,555536,ring
618,audio/background_0005_time_stretch_7.wav,554346,background
619,audio/background_0003_time_stretch_5.wav,554034,background
620,audio/ring_0174.wav,553766,ring
621,audio/background_0044_time_stretch_4.wav,553620,background
622,audio/k_0022_time_stretch_0.wav,553032,keyboard
623,audio/background_0005_time_stretch_10.wav,551160,background
624,audio/ring_0092.wav,551042,ring
625,audio/bg_0036_time_stretch_1.wav,551022,bags
626,audio/background_0001_time_stretch_3.wav,549316,background
627,audio/ring_0152.wav,549080,ring
628,audio/k_0021_time_stretch_2.wav,548848,keyboard
629,audio/t_keyboard_0007_time_stretch_3.wav,545616,keyboard
630,audio/background_0001_time_stretch_2.wav,544110,background
631,audio/t_keyboard_0029_time_stretch_0.wav,543808,keyboard
632,audio/background_0044_time_stretch_5.wav,543112,background
633,audio/t_keyboard_0045_time_stretch_2.wav,539912,keyboard
634,audio/bg_0034_time_stretch_0.wav,539084,bags
635,audio/t_keyboard_0020_time_stretch_0.wav,538624,keyboard
636,audio/tool_1630.wav,538494,tool
637,audio/tool_1631.wav,538494,tool
638,audio/k_0026_time_stretch_2.wav,538398,keyboard
639,audio/t_keyboard_0019_time_stretch_3.wav,537800,keyboard
640,audio/k_0021_time_stretch_0.wav,535532,keyboard
641,audio/ring_0048.wav,535448,ring
642,audio/k_0024_time_stretch_0.wav,535230,keyboard
643,audio/background_0005_time_stretch_4.wav,534980,background
644,audio/t_keyboard_0009_time_stretch_0.wav,534052,keyboard
645,audio/background_0005_time_stretch_1.wav,531676,background
646,audio/keyboard_0025_time_stretch_0.wav,528562,keyboard
647,audio/bg_0031.wav,527016,bags
648,audio/bg_0032.wav,527016,bags
649,audio/t_keyboard_0011_time_stretch_1.wav,526706,keyboard
650,audio/t_keyboard_0031_time_stretch_1.wav,526690,keyboard
651,audio/k_0022_time_stretch_1.wav,525498,keyboard
652,audio/bg_0017_time_stretch_0.wav,525184,bags
653,audio/background_0003_time_stretch_8.wav,523858,background
654,audio/keyboard_0026_time_stretch_2.wav,522062,keyboard
655,audio/t_keyboard_0014_time_stretch_2.wav,521046,keyboard
656,audio/background_0043_time_stretch_9.wav,520778,background
657,audio/tt_k_0011_time_stretch_0.wav,520170,keyboard
658,audio/bg_0028_time_stretch_3.wav,518868,bags
659,audio/background_0019_time_stretch_0.wav,518756,background
660,audio/k_0025_time_stretch_1.wav,518202,keyboard
661,audio/background_0003_time_stretch_6.wav,517586,background
662,audio/t_keyboard_0029_time_stretch_1.wav,517506,keyboard
663,audio/ring_0167.wav,515476,ring
664,audio/t_keyboard_0007_time_stretch_0.wav,514872,keyboard
665,audio/background_0043_time_stretch_10.wav,512280,background
666,audio/tool_0896.wav,511998,tool
667,audio/tool_0897.wav,511998,tool
668,audio/t_keyboard_0028_time_stretch_0.wav,509508,keyboard
669,audio/background_0006_time_stretch_5.wav,509222,background
670,audio/t_keyboard_0075_time_stretch_3.wav,508436,keyboard
671,audio/tt_kd_0019_time_stretch_8.wav,506846,knocking_door
672,audio/bg_0033_time_stretch_1.wav,506666,bags
673,audio/background_0044_time_stretch_7.wav,506032,background
674,audio/k_0014.wav,504962,keyboard
675,audio/t_keyboard_0011_time_stretch_2.wav,504572,keyboard
676,audio/k_0024_time_stretch_2.wav,504374,keyboard
677,audio/background_0004_time_stretch_1.wav,503816,background
678,audio/t_keyboard_0007_time_stretch_1.wav,502404,keyboard
679,audio/background_0004_time_stretch_9.wav,502236,background
680,audio/keyboard_0027_time_stretch_3.wav,502182,keyboard
681,audio/k_0016_time_stretch_3.wav,502034,keyboard
682,audio/tt_k_0006_time_stretch_0.wav,501310,keyboard
683,audio/k_0014_time_stretch_2.wav,500528,keyboard
684,audio/t_keyboard_0023_time_stretch_3.wav,500422,keyboard
685,audio/t_keyboard_0074_time_stretch_0.wav,500208,keyboard
686,audio/tt_kd_0017_time_stretch_9.wav,499954,knocking_door
687,audio/background_0010_time_stretch_7.wav,499796,background
688,audio/background_0010_time_stretch_13.wav,499736,background
689,audio/background_0044_time_stretch_8.wav,499600,background
690,audio/ring_0519.wav,497688,ring
691,audio/k_0025_time_stretch_2.wav,497660,keyboard
692,audio/t_door_0055_time_stretch_7.wav,497178,door
693,audio/background_0005_time_stretch_3.wav,497082,background
694,audio/background_0004_time_stretch_2.wav,494998,background
695,audio/background_0001_time_stretch_10.wav,492048,background
696,audio/background_0044_time_stretch_13.wav,490924,background
697,audio/bg_0032_time_stretch_3.wav,489622,bags
698,audio/bg_0028.wav,489516,bags
699,audio/bg_0027.wav,489516,bags
700,audio/t_bags_0005_time_stretch_1.wav,487982,bags
701,audio/ring_0173.wav,487480,ring
702,audio/ring_0177.wav,487480,ring
703,audio/ring_0175.wav,487480,ring
704,audio/ring_0171.wav,487480,ring
705,audio/ring_0176.wav,487480,ring
706,audio/ring_0172.wav,487480,ring
707,audio/ring_0170.wav,487478,ring
708,audio/background_0024_time_stretch_10.wav,487320,background
709,audio/tt_kd_0019_time_stretch_9.wav,487036,knocking_door
710,audio/background_0006_time_stretch_6.wav,486882,background
711,audio/ring_0498.wav,486776,ring
712,audio/background_0004_time_stretch_0.wav,486238,background
713,audio/background_0019_time_stretch_9.wav,485708,background
714,audio/background_0018_time_stretch_4.wav,485152,background
715,audio/tt_k_0009_time_stretch_3.wav,483748,keyboard
716,audio/background_0005_time_stretch_6.wav,483336,background
717,audio/bg_0003_time_stretch_3.wav,483194,bags
718,audio/ring_0455.wav,482886,ring
719,audio/background_0043_time_stretch_13.wav,482552,background
720,audio/tt_k_0007_time_stretch_3.wav,480774,keyboard
721,audio/k_0018.wav,480044,keyboard
722,audio/k_0017.wav,480044,keyboard
723,audio/k_0016.wav,480044,keyboard
724,audio/k_0015.wav,480044,keyboard
725,audio/background_0024_time_stretch_7.wav,479840,background
726,audio/t_door_0088_time_stretch_0.wav,479332,door
727,audio/t_keyboard_0004_time_stretch_1.wav,479050,keyboard
728,audio/background_0019_time_stretch_10.wav,479018,background
729,audio/t_keyboard_0040_time_stretch_1.wav,478770,keyboard
730,audio/bags_0029_time_stretch_1.wav,478704,bags
731,audio/t_keyboard_0070_time_stretch_2.wav,478068,keyboard
732,audio/k_0019.wav,475778,keyboard
733,audio/background_0005_time_stretch_12.wav,475274,background
734,audio/background_0042_time_stretch_3.wav,474422,background
735,audio/k_0020.wav,473388,keyboard
736,audio/bg_0026_time_stretch_0.wav,473376,bags
737,audio/t_keyboard_0019_time_stretch_1.wav,473370,keyboard
738,audio/background_0019_time_stretch_2.wav,473168,background
739,audio/tt_kd_0015_time_stretch_5.wav,472544,knocking_door
740,audio/background_0043_time_stretch_11.wav,470784,background
741,audio/background_0005_time_stretch_5.wav,469656,background
742,audio/keyboard_0026_time_stretch_3.wav,469372,keyboard
743,audio/ring_0047.wav,468746,ring
744,audio/k_0024_time_stretch_1.wav,468298,keyboard
745,audio/ring_0277.wav,468108,ring
746,audio/background_0001_time_stretch_5.wav,467238,background
747,audio/background_0006_time_stretch_4.wav,467138,background
748,audio/tt_kd_0013_time_stretch_9.wav,466990,knocking_door
749,audio/t_bags_0067_time_stretch_0.wav,466372,bags
750,audio/t_keyboard_0047_time_stretch_3.wav,465644,keyboard
751,audio/ring_0361.wav,464388,ring
752,audio/keyboard_0025_time_stretch_1.wav,464352,keyboard
753,audio/background_0043_time_stretch_0.wav,464054,background
754,audio/keyboard_0027_time_stretch_2.wav,463752,keyboard
755,audio/k_0023_time_stretch_0.wav,462824,keyboard
756,audio/background_0018_time_stretch_11.wav,461970,background
757,audio/t_bags_0011_time_stretch_1.wav,461700,bags
758,audio/tt_k_0012_time_stretch_3.wav,460618,keyboard
759,audio/k_0026_time_stretch_0.wav,460438,keyboard
760,audio/keyboard_0026_time_stretch_1.wav,460438,keyboard
761,audio/background_0024_time_stretch_2.wav,460390,background
762,audio/tt_k_0008_time_stretch_2.wav,460380,keyboard
763,audio/background_0006_time_stretch_1.wav,460328,background
764,audio/background_0003_time_stretch_11.wav,459854,background
765,audio/ring_0147.wav,459702,ring
766,audio/tt_k_0009_time_stretch_0.wav,459320,keyboard
767,audio/background_0003_time_stretch_0.wav,458940,background
768,audio/background_0018_time_stretch_10.wav,458450,background
769,audio/background_0019_time_stretch_7.wav,456850,background
770,audio/k_0027_time_stretch_3.wav,456252,keyboard
771,audio/background_0004_time_stretch_3.wav,456232,background
772,audio/background_0023_time_stretch_6.wav,455718,background
773,audio/t_ring_0033.wav,455710,ring
774,audio/keyboard_0005_time_stretch_0.wav,455710,keyboard
775,audio/background_0023_time_stretch_2.wav,455226,background
776,audio/speech_0097.wav,454814,speech
777,audio/tt_k_0008_time_stretch_0.wav,453338,keyboard
778,audio/t_keyboard_0018_time_stretch_0.wav,453270,keyboard
779,audio/k_0021_time_stretch_1.wav,452722,keyboard
780,audio/background_0011_time_stretch_3.wav,452502,background
781,audio/tt_kd_0022_time_stretch_5.wav,452258,knocking_door
782,audio/background_0026_time_stretch_0.wav,452038,background
783,audio/t_keyboard_0013_time_stretch_0.wav,451892,keyboard
784,audio/bg_0035_time_stretch_3.wav,449990,bags
785,audio/background_0042_time_stretch_12.wav,449526,background
786,audio/tt_kd_0013_time_stretch_2.wav,448870,knocking_door
787,audio/t_keyboard_0013_time_stretch_3.wav,446788,keyboard
788,audio/tt_kd_0014_time_stretch_11.wav,446720,knocking_door
789,audio/k_0028_time_stretch_3.wav,445346,keyboard
790,audio/t_keyboard_0014_time_stretch_0.wav,444484,keyboard
791,audio/tt_k_0002_time_stretch_0.wav,443590,keyboard
792,audio/tt_k_0002_time_stretch_2.wav,443580,keyboard
793,audio/ring_0145.wav,442062,ring
794,audio/t_ring_0023.wav,441374,ring
795,audio/tt_k_0011_time_stretch_3.wav,441138,keyboard
796,audio/background_0047_time_stretch_9.wav,440850,background
797,audio/background_0004_time_stretch_8.wav,440674,background
798,audio/background_0001_time_stretch_0.wav,440562,background
799,audio/k_0023_time_stretch_3.wav,440250,keyboard
800,audio/t_bags_0014_time_stretch_0.wav,440118,bags
801,audio/t_keyboard_0036_time_stretch_1.wav,440052,keyboard
802,audio/k_0017_time_stretch_1.wav,439488,keyboard
803,audio/t_keyboard_0020_time_stretch_3.wav,439330,keyboard
804,audio/t_keyboard_0072_time_stretch_3.wav,438930,keyboard
805,audio/t_door_0055_time_stretch_5.wav,436842,door
806,audio/background_0043_time_stretch_3.wav,436508,background
807,audio/t_keyboard_0006_time_stretch_2.wav,436276,keyboard
808,audio/background_0044_time_stretch_9.wav,436100,background
809,audio/background_0001_time_stretch_1.wav,435726,background
810,audio/background_0042_time_stretch_10.wav,435658,background
811,audio/t_bags_0002_time_stretch_0.wav,435112,bags
812,audio/t_keyboard_0018_time_stretch_2.wav,433972,keyboard
813,audio/background_0017_time_stretch_12.wav,433804,background
814,audio/keyboard_0025_time_stretch_3.wav,433620,keyboard
815,audio/ring_0135.wav,433458,ring
816,audio/background_0003_time_stretch_10.wav,433002,background
817,audio/ring_0255.wav,432814,ring
818,audio/t_bags_0073_time_stretch_1.wav,432384,bags
819,audio/t_keyboard_0074_time_stretch_3.wav,431870,keyboard
820,audio/background_0026_time_stretch_8.wav,431140,background
821,audio/t_keyboard_0016_time_stretch_1.wav,430738,keyboard
822,audio/background_0004_time_stretch_11.wav,429448,background
823,audio/bags_0012_time_stretch_0.wav,429162,bags
824,audio/background_0004_time_stretch_7.wav,428958,background
825,audio/ring_0179.wav,428802,ring
826,audio/knocking_door_0022_time_stretch_9.wav,428708,knocking_door
827,audio/tt_k_0009_time_stretch_2.wav,428322,keyboard
828,audio/ring_0497.wav,428240,ring
829,audio/t_bags_0067_time_stretch_1.wav,427982,bags
830,audio/background_0018_time_stretch_12.wav,427590,background
831,audio/background_0019_time_stretch_11.wav,426786,background
832,audio/background_0050_time_stretch_8.wav,425904,background
833,audio/t_keyboard_0043_time_stretch_3.wav,425760,keyboard
834,audio/background_0024_time_stretch_0.wav,425730,background
835,audio/tt_kd_0017_time_stretch_2.wav,425626,knocking_door
836,audio/t_keyboard_0010_time_stretch_1.wav,425580,keyboard
837,audio/background_0018_time_stretch_5.wav,425038,background
838,audio/tt_kd_0017_time_stretch_3.wav,424734,knocking_door
839,audio/t_keyboard_0082_time_stretch_0.wav,424444,keyboard
840,audio/t_keyboard_0004_time_stretch_0.wav,424042,keyboard
841,audio/background_0043_time_stretch_2.wav,423680,background
842,audio/ring_0136.wav,423000,ring
843,audio/t_keyboard_0010_time_stretch_2.wav,422630,keyboard
844,audio/bg_0040_time_stretch_0.wav,422486,bags
845,audio/tt_kd_0014_time_stretch_2.wav,422474,knocking_door
846,audio/bags_0028_time_stretch_0.wav,421954,bags
847,audio/background_0019_time_stretch_13.wav,421194,background
848,audio/k_0026_time_stretch_1.wav,420836,keyboard
849,audio/bg_0033_time_stretch_3.wav,420632,bags
850,audio/background_0043_time_stretch_1.wav,420378,background
851,audio/background_0019_time_stretch_12.wav,420334,background
852,audio/background_0043_time_stretch_6.wav,419160,background
853,audio/t_keyboard_0031_time_stretch_3.wav,418960,keyboard
854,audio/ring_0156.wav,418480,ring
855,audio/tt_kd_0015_time_stretch_10.wav,418356,knocking_door
856,audio/ring_0369.wav,417932,ring
857,audio/ring_0362.wav,417932,ring
858,audio/ring_0370.wav,417932,ring
859,audio/ring_0360.wav,417932,ring
860,audio/ring_0363.wav,417932,ring
861,audio/ring_0364.wav,417932,ring
862,audio/ring_0375.wav,417932,ring
863,audio/ring_0374.wav,417932,ring
864,audio/ring_0373.wav,417932,ring
865,audio/ring_0371.wav,417932,ring
866,audio/ring_0358.wav,417932,ring
867,audio/ring_0359.wav,417932,ring
868,audio/ring_0357.wav,417930,ring
869,audio/ring_0368.wav,417930,ring
870,audio/t_keyboard_0070_time_stretch_3.wav,417768,keyboard
871,audio/t_bags_0068_time_stretch_1.wav,417322,bags
872,audio/tt_kd_0015_time_stretch_1.wav,416802,knocking_door
873,audio/background_0042_time_stretch_0.wav,416436,background
874,audio/t_keyboard_0031_time_stretch_2.wav,416182,keyboard
875,audio/bg_0026_time_stretch_1.wav,416006,bags
876,audio/keyboard_0025_time_stretch_2.wav,415692,keyboard
877,audio/bg_0039_time_stretch_0.wav,415544,bags
878,audio/background_0053_time_stretch_13.wav,415438,background
879,audio/background_0011_time_stretch_6.wav,415210,background
880,audio/background_0011_time_stretch_4.wav,414564,background
881,audio/background_0006_time_stretch_11.wav,414068,background
882,audio/background_0022_time_stretch_1.wav,414024,background
883,audio/tt_k_0006_time_stretch_1.wav,413716,keyboard
884,audio/background_0024_time_stretch_11.wav,413450,background
885,audio/background_0019_time_stretch_1.wav,412956,background
886,audio/bags_0028_time_stretch_3.wav,412612,bags
887,audio/background_0043_time_stretch_12.wav,412080,background
888,audio/ring_0146.wav,411466,ring
889,audio/keyboard_0029_time_stretch_1.wav,411126,keyboard
890,audio/k_0028_time_stretch_2.wav,410440,keyboard
891,audio/background_0023_time_stretch_9.wav,409828,background
892,audio/ring_0268.wav,409640,ring
893,audio/background_0041_time_stretch_0.wav,409308,background
894,audio/background_0044_time_stretch_12.wav,409292,background
895,audio/k_0027_time_stretch_0.wav,408950,keyboard
896,audio/background_0010_time_stretch_2.wav,408782,background
897,audio/bags_0002_time_stretch_1.wav,408642,bags
898,audio/door_0027_time_stretch_11.wav,408188,door
899,audio/t_keyboard_0010_time_stretch_3.wav,408114,keyboard
900,audio/t_keyboard_0010_time_stretch_0.wav,407246,keyboard
901,audio/background_0047_time_stretch_11.wav,407180,background
902,audio/t_keyboard_0073_time_stretch_2.wav,407058,keyboard
903,audio/background_0024_time_stretch_13.wav,406826,background
904,audio/background_0018_time_stretch_1.wav,406614,background
905,audio/background_0011_time_stretch_11.wav,406536,background
906,audio/t_keyboard_0020_time_stretch_1.wav,406260,keyboard
907,audio/tt_kd_0014_time_stretch_4.wav,405770,knocking_door
908,audio/t_keyboard_0047_time_stretch_0.wav,405602,keyboard
909,audio/background_0001_time_stretch_12.wav,405166,background
910,audio/ring_0130.wav,405066,ring
911,audio/t_bags_0015_time_stretch_1.wav,405020,bags
912,audio/t_keyboard_0015_time_stretch_2.wav,404770,keyboard
913,audio/k_0028_time_stretch_0.wav,404534,keyboard
914,audio/ring_0262.wav,404268,ring
915,audio/bags_0029_time_stretch_0.wav,404182,bags
916,audio/tt_kd_0022_time_stretch_7.wav,403996,knocking_door
917,audio/bg_0004.wav,403748,bags
918,audio/bg_0003.wav,403748,bags
919,audio/t_bags_0068_time_stretch_3.wav,403666,bags
920,audio/k_0023_time_stretch_2.wav,403398,keyboard
921,audio/tt_kd_0019_time_stretch_6.wav,403188,knocking_door
922,audio/t_keyboard_0013_time_stretch_1.wav,403008,keyboard
923,audio/t_keyboard_0080_time_stretch_1.wav,402310,keyboard
924,audio/background_0019_time_stretch_5.wav,402266,background
925,audio/t_keyboard_0013_time_stretch_2.wav,402016,keyboard
926,audio/ring_0251.wav,401726,ring
927,audio/t_keyboard_0023_time_stretch_1.wav,401392,keyboard
928,audio/tt_kd_0014_time_stretch_7.wav,401370,knocking_door
929,audio/ring_0508.wav,401350,ring
930,audio/t_keyboard_0070_time_stretch_0.wav,401018,keyboard
931,audio/bags_0028_time_stretch_1.wav,401002,bags
932,audio/ring_0134.wav,400958,ring
933,audio/background_0044_time_stretch_6.wav,399908,background
934,audio/tt_kd_0017_time_stretch_5.wav,399742,knocking_door
935,audio/tt_kd_0014_time_stretch_8.wav,399344,knocking_door
936,audio/k_0021.wav,399234,keyboard
937,audio/t_keyboard_0043_time_stretch_2.wav,399096,keyboard
938,audio/background_0044_time_stretch_0.wav,398314,background
939,audio/t_keyboard_0015_time_stretch_0.wav,397852,keyboard
940,audio/background_0018_time_stretch_3.wav,397652,background
941,audio/t_keyboard_0007_time_stretch_2.wav,397592,keyboard
942,audio/background_0046_time_stretch_0.wav,397516,background
943,audio/t_door_0088_time_stretch_8.wav,397332,door
944,audio/ring_0372.wav,397098,ring
945,audio/k_0027_time_stretch_2.wav,397008,keyboard
946,audio/background_0048_time_stretch_1.wav,396118,background
947,audio/t_keyboard_0023_time_stretch_0.wav,395750,keyboard
948,audio/background_0033_time_stretch_1.wav,395264,background
949,audio/knocking_door_0002_time_stretch_6.wav,394390,knocking_door
950,audio/speech_0078.wav,394270,speech
951,audio/t_keyboard_0029.wav,394270,keyboard
952,audio/speech_0013.wav,393678,speech
953,audio/bags_0015_time_stretch_1.wav,393672,bags
954,audio/t_bags_0015_time_stretch_0.wav,393358,bags
955,audio/ring_0158.wav,393250,ring
956,audio/background_0006_time_stretch_0.wav,392996,background
957,audio/keyboard_0028_time_stretch_0.wav,392954,keyboard
958,audio/t_keyboard_0075_time_stretch_2.wav,392706,keyboard
959,audio/background_0022_time_stretch_3.wav,392260,background
960,audio/tt_kd_0013_time_stretch_11.wav,391830,knocking_door
961,audio/knocking_door_0022_time_stretch_10.wav,391662,knocking_door
962,audio/background_0002_time_stretch_6.wav,390948,background
963,audio/tt_kd_0014_time_stretch_3.wav,390354,knocking_door
964,audio/background_0026_time_stretch_6.wav,390248,background
965,audio/knocking_door_0002_time_stretch_4.wav,390128,knocking_door
966,audio/ring_0376.wav,389950,ring
967,audio/ring_0378.wav,389690,ring
968,audio/t_keyboard_0047_time_stretch_2.wav,389672,keyboard
969,audio/ring_0131.wav,389400,ring
970,audio/ring_0129.wav,389400,ring
971,audio/ring_0132.wav,389400,ring
972,audio/ring_0128.wav,389400,ring
973,audio/ring_0133.wav,389400,ring
974,audio/ring_0127.wav,389400,ring
975,audio/ring_0138.wav,389400,ring
976,audio/ring_0139.wav,389400,ring
977,audio/ring_0140.wav,389400,ring
978,audio/ring_0143.wav,389400,ring
979,audio/ring_0144.wav,389400,ring
980,audio/ring_0142.wav,389400,ring
981,audio/ring_0137.wav,389398,ring
982,audio/ring_0126.wav,389398,ring
983,audio/ring_0279.wav,389394,ring
984,audio/tt_kd_0014_time_stretch_10.wav,388748,knocking_door
985,audio/background_0011_time_stretch_10.wav,388392,background
986,audio/background_0003_time_stretch_3.wav,387178,background
987,audio/background_0044_time_stretch_3.wav,387120,background
988,audio/t_ring_0031.wav,387102,ring
989,audio/t_keyboard_0075_time_stretch_0.wav,386786,keyboard
990,audio/t_bags_0078_time_stretch_3.wav,386744,bags
991,audio/t_keyboard_0019_time_stretch_0.wav,386456,keyboard
992,audio/background_0002_time_stretch_3.wav,386456,background
993,audio/keyboard_0003_time_stretch_1.wav,386270,keyboard
994,audio/background_0004_time_stretch_5.wav,385892,background
995,audio/tt_kd_0017_time_stretch_7.wav,385822,knocking_door
996,audio/tt_kd_0022_time_stretch_8.wav,385640,knocking_door
997,audio/t_keyboard_0015_time_stretch_3.wav,385472,keyboard
998,audio/keyboard_0005_time_stretch_2.wav,385384,keyboard
999,audio/background_0048_time_stretch_6.wav,385082,background
1000,audio/ring_0504.wav,384946,ring
1001,audio/t_keyboard_0080_time_stretch_0.wav,384450,keyboard
1002,audio/background_0001_time_stretch_8.wav,384118,background
1003,audio/knocking_door_0002_time_stretch_1.wav,383208,knocking_door
1004,audio/ring_0248.wav,382884,ring
1005,audio/ring_0254.wav,382884,ring
1006,audio/ring_0259.wav,382884,ring
1007,audio/ring_0260.wav,382884,ring
1008,audio/ring_0264.wav,382884,ring
1009,audio/ring_0261.wav,382884,ring
1010,audio/ring_0263.wav,382884,ring
1011,audio/ring_0253.wav,382884,ring
1012,audio/ring_0252.wav,382884,ring
1013,audio/ring_0250.wav,382884,ring
1014,audio/ring_0265.wav,382884,ring
1015,audio/ring_0249.wav,382884,ring
1016,audio/ring_0258.wav,382882,ring
1017,audio/ring_0247.wav,382882,ring
1018,audio/t_keyboard_0027_time_stretch_1.wav,382796,keyboard
1019,audio/background_0023_time_stretch_7.wav,382490,background
1020,audio/knocking_door_0022_time_stretch_6.wav,381454,knocking_door
1021,audio/k_0017_time_stretch_3.wav,381080,keyboard
1022,audio/t_keyboard_0025_time_stretch_0.wav,380514,keyboard
1023,audio/tt_kd_0019_time_stretch_11.wav,380058,knocking_door
1024,audio/t_ring_0027.wav,379934,ring
1025,audio/t_ring_0028.wav,379934,ring
1026,audio/speech_0043.wav,379934,speech
1027,audio/background_0028_time_stretch_0.wav,379546,background
1028,audio/background_0006_time_stretch_12.wav,378956,background
1029,audio/bags_0014_time_stretch_0.wav,378764,bags
1030,audio/t_door_0055_time_stretch_8.wav,378490,door
1031,audio/ring_0141.wav,378418,ring
1032,audio/t_door_0088_time_stretch_6.wav,378412,door
1033,audio/tt_kd_0019_time_stretch_2.wav,378028,knocking_door
1034,audio/t_keyboard_0009_time_stretch_3.wav,377700,keyboard
1035,audio/background_0024_time_stretch_8.wav,377374,background
1036,audio/keyboard_0027_time_stretch_0.wav,377182,keyboard
1037,audio/k_0029_time_stretch_2.wav,376180,keyboard
1038,audio/keyboard_0026_time_stretch_0.wav,375738,keyboard
1039,audio/t_bags_0087_time_stretch_0.wav,375498,bags
1040,audio/background_0022_time_stretch_11.wav,375166,background
1041,audio/t_keyboard_0014_time_stretch_1.wav,375128,keyboard
1042,audio/background_0003_time_stretch_1.wav,375008,background
1043,audio/t_door_0088_time_stretch_11.wav,374926,door
1044,audio/t_bags_0014_time_stretch_3.wav,374862,bags
1045,audio/ring_0180.wav,374752,ring
1046,audio/background_0023_time_stretch_4.wav,374716,background
1047,audio/background_0026_time_stretch_1.wav,374608,background
1048,audio/t_keyboard_0018_time_stretch_3.wav,373804,keyboard
1049,audio/background_0050_time_stretch_12.wav,373426,background
1050,audio/knocking_door_0022_time_stretch_4.wav,373420,knocking_door
1051,audio/knocking_door_0022_time_stretch_8.wav,373150,knocking_door
1052,audio/keyboard_0029_time_stretch_3.wav,373048,keyboard
1053,audio/background_0020_time_stretch_8.wav,372988,background
1054,audio/background_0023_time_stretch_13.wav,372708,background
1055,audio/background_0024_time_stretch_3.wav,372504,background
1056,audio/tt_kd_0014_time_stretch_5.wav,371880,knocking_door
1057,audio/knocking_door_0003_time_stretch_7.wav,371490,knocking_door
1058,audio/t_bags_0004_time_stretch_3.wav,371396,bags
1059,audio/t_keyboard_0072_time_stretch_0.wav,371160,keyboard
1060,audio/background_0042_time_stretch_7.wav,370910,background
1061,audio/bg_0033_time_stretch_0.wav,370636,bags
1062,audio/bg_0025_time_stretch_0.wav,370548,bags
1063,audio/background_0048_time_stretch_13.wav,370474,background
1064,audio/bg_0018_time_stretch_3.wav,370406,bags
1065,audio/bg_0036_time_stretch_3.wav,370368,bags
1066,audio/background_0019_time_stretch_3.wav,370124,background
1067,audio/background_0041_time_stretch_4.wav,370108,background
1068,audio/background_0049_time_stretch_9.wav,370070,background
1069,audio/background_0024_time_stretch_12.wav,370038,background
1070,audio/background_0004_time_stretch_10.wav,370008,background
1071,audio/ring_0046.wav,369362,ring
1072,audio/t_keyboard_0043_time_stretch_0.wav,369104,keyboard
1073,audio/background_0006_time_stretch_2.wav,368976,background
1074,audio/t_keyboard_0082_time_stretch_3.wav,368860,keyboard
1075,audio/t_ring_0048.wav,368718,ring
1076,audio/door_0027_time_stretch_2.wav,368608,door
1077,audio/bags_0013_time_stretch_0.wav,368248,bags
1078,audio/background_0022_time_stretch_6.wav,367538,background
1079,audio/tt_k_0006_time_stretch_3.wav,367492,keyboard
1080,audio/background_0024_time_stretch_5.wav,366562,background
1081,audio/background_0001_time_stretch_7.wav,366386,background
1082,audio/ring_0643.wav,365342,ring
1083,audio/knocking_door_0002_time_stretch_10.wav,364664,knocking_door
1084,audio/tt_kd_0014_time_stretch_9.wav,364552,knocking_door
1085,audio/tt_k_0012.wav,364446,keyboard
1086,audio/background_0003.wav,364446,background
1087,audio/ring_0367.wav,364332,ring
1088,audio/t_keyboard_0004_time_stretch_3.wav,363772,keyboard
1089,audio/tt_k_0007_time_stretch_2.wav,363504,keyboard
1090,audio/tt_kd_0017_time_stretch_10.wav,363314,knocking_door
1091,audio/t_keyboard_0034_time_stretch_0.wav,363040,keyboard
1092,audio/tt_k_0007_time_stretch_1.wav,362996,keyboard
1093,audio/tt_k_0009_time_stretch_1.wav,362756,keyboard
1094,audio/ring_0276.wav,362628,ring
1095,audio/ring_0287.wav,362628,ring
1096,audio/ring_0286.wav,362628,ring
1097,audio/ring_0285.wav,362628,ring
1098,audio/ring_0283.wav,362628,ring
1099,audio/ring_0270.wav,362628,ring
1100,audio/ring_0281.wav,362628,ring
1101,audio/ring_0271.wav,362628,ring
1102,audio/ring_0272.wav,362628,ring
1103,audio/ring_0274.wav,362628,ring
1104,audio/ring_0275.wav,362628,ring
1105,audio/ring_0282.wav,362628,ring
1106,audio/ring_0269.wav,362626,ring
1107,audio/ring_0280.wav,362626,ring
1108,audio/t_keyboard_0036_time_stretch_3.wav,362530,keyboard
1109,audio/bg_0035_time_stretch_0.wav,362276,bags
1110,audio/background_0022_time_stretch_5.wav,362248,background
1111,audio/ring_0257.wav,362038,ring
1112,audio/t_keyboard_0034_time_stretch_3.wav,361272,keyboard
1113,audio/t_keyboard_0016_time_stretch_3.wav,361236,keyboard
1114,audio/background_0010_time_stretch_5.wav,361202,background
1115,audio/bg_0035_time_stretch_1.wav,360764,bags
1116,audio/tool_0001.wav,360478,tool
1117,audio/t_bags_0002_time_stretch_1.wav,360340,bags
1118,audio/keyboard_0030_time_stretch_3.wav,359540,keyboard
1119,audio/background_0010_time_stretch_1.wav,359336,background
1120,audio/background_0048_time_stretch_9.wav,359314,background
1121,audio/t_keyboard_0011.wav,359118,keyboard
1122,audio/t_keyboard_0004_time_stretch_2.wav,358642,keyboard
1123,audio/background_0050_time_stretch_11.wav,358410,background
1124,audio/tt_kd_0017_time_stretch_11.wav,358082,knocking_door
1125,audio/background_0001_time_stretch_13.wav,358032,background
1126,audio/background_0044.wav,357406,background
1127,audio/keyboard_0028_time_stretch_3.wav,357326,keyboard
1128,audio/tt_kd_0022_time_stretch_11.wav,356832,knocking_door
1129,audio/k_0025_time_stretch_0.wav,356720,keyboard
1130,audio/knocking_door_0002_time_stretch_9.wav,356706,knocking_door
1131,audio/background_0053_time_stretch_7.wav,356668,background
1132,audio/t_bags_0077_time_stretch_1.wav,356542,bags
1133,audio/door_0001_time_stretch_0.wav,356538,door
1134,audio/t_keyboard_0073_time_stretch_3.wav,355998,keyboard
1135,audio/tt_kd_0015_time_stretch_11.wav,355668,knocking_door
1136,audio/t_keyboard_0082_time_stretch_1.wav,355600,keyboard
1137,audio/background_0006_time_stretch_10.wav,355520,background
1138,audio/background_0043_time_stretch_5.wav,355348,background
1139,audio/background_0042_time_stretch_9.wav,354884,background
1140,audio/t_ring_0025.wav,354590,ring
1141,audio/background_0028_time_stretch_4.wav,354484,background
1142,audio/t_keyboard_0047_time_stretch_1.wav,354122,keyboard
1143,audio/background_0026_time_stretch_9.wav,353562,background
1144,audio/ring_0278.wav,353012,ring
1145,audio/tt_k_0002_time_stretch_1.wav,352410,keyboard
1146,audio/tt_kd_0019_time_stretch_7.wav,352302,knocking_door
1147,audio/t_keyboard_0076_time_stretch_1.wav,352086,keyboard
1148,audio/tt_kd_0013_time_stretch_1.wav,351494,knocking_door
1149,audio/t_ring_0051.wav,351438,ring
1150,audio/background_0054_time_stretch_6.wav,351384,background
1151,audio/bg_0026_time_stretch_3.wav,351294,bags
1152,audio/tt_kd_0013_time_stretch_8.wav,351278,knocking_door
1153,audio/background_0048_time_stretch_0.wav,351104,background
1154,audio/k_0028_time_stretch_1.wav,350910,keyboard
1155,audio/background_0027_time_stretch_8.wav,350698,background
1156,audio/tt_kd_0013_time_stretch_10.wav,350470,knocking_door
1157,audio/background_0006_time_stretch_9.wav,350376,background
1158,audio/background_0039_time_stretch_10.wav,350256,background
1159,audio/bags_0033_time_stretch_0.wav,350198,bags
1160,audio/t_door_0055_time_stretch_2.wav,350054,door
1161,audio/background_0045_time_stretch_2.wav,349758,background
1162,audio/background_0001_time_stretch_9.wav,349682,background
1163,audio/speech_0090.wav,349518,speech
1164,audio/background_0039_time_stretch_6.wav,349214,background
1165,audio/t_door_0055_time_stretch_13.wav,349052,door
1166,audio/background_0017_time_stretch_5.wav,348942,background
1167,audio/background_0005.wav,348830,background
1168,audio/background_0006_time_stretch_7.wav,348764,background
1169,audio/k_0029_time_stretch_3.wav,348454,keyboard
1170,audio/background_0028_time_stretch_6.wav,348218,background
1171,audio/k_0020_time_stretch_0.wav,348186,keyboard
1172,audio/background_0015_time_stretch_1.wav,347998,background
1173,audio/keyboard_0004_time_stretch_0.wav,347902,keyboard
1174,audio/tt_k_0003_time_stretch_0.wav,347842,keyboard
1175,audio/t_keyboard_0043_time_stretch_1.wav,347796,keyboard
1176,audio/speech_0081.wav,347598,speech
1177,audio/background_0049_time_stretch_4.wav,347480,background
1178,audio/keyboard_0015_time_stretch_3.wav,346844,keyboard
1179,audio/t_keyboard_0006_time_stretch_0.wav,346300,keyboard
1180,audio/background_0012_time_stretch_0.wav,345792,background
1181,audio/t_keyboard_0028_time_stretch_2.wav,345716,keyboard
1182,audio/keyboard_0003_time_stretch_3.wav,345374,keyboard
1183,audio/t_keyboard_0027_time_stretch_3.wav,345332,keyboard
1184,audio/t_keyboard_0003_time_stretch_3.wav,345324,keyboard
1185,audio/knocking_door_0003_time_stretch_8.wav,345152,knocking_door
1186,audio/k_0022.wav,344962,keyboard
1187,audio/background_0032_time_stretch_1.wav,344778,background
1188,audio/tt_k_0007.wav,344606,keyboard
1189,audio/background_0045_time_stretch_4.wav,344374,background
1190,audio/background_0010_time_stretch_8.wav,344216,background
1191,audio/t_door_0088_time_stretch_1.wav,344062,door
1192,audio/ring_0365.wav,343978,ring
1193,audio/background_0027_time_stretch_0.wav,343938,background
1194,audio/speech_0044.wav,343678,speech
1195,audio/ring_0256.wav,343318,ring
1196,audio/knocking_door_0003_time_stretch_2.wav,343214,knocking_door
1197,audio/background_0005_time_stretch_8.wav,343194,background
1198,audio/tt_k_0006_time_stretch_2.wav,343098,keyboard
1199,audio/background_0045_time_stretch_6.wav,342988,background
1200,audio/t_bags_0087_time_stretch_1.wav,342776,bags
1201,audio/background_0048_time_stretch_2.wav,342574,background
1202,audio/background_0001_time_stretch_4.wav,342494,background
1203,audio/background_0042_time_stretch_8.wav,342376,background
1204,audio/bags_0012_time_stretch_3.wav,341998,bags
1205,audio/background_0046_time_stretch_9.wav,341742,background
1206,audio/k_0025_time_stretch_3.wav,341628,keyboard
1207,audio/knocking_door_0002_time_stretch_8.wav,340836,knocking_door
1208,audio/keyboard_0027_time_stretch_1.wav,340832,keyboard
1209,audio/door_0001_time_stretch_6.wav,340798,door
1210,audio/speech_0085.wav,339918,speech
1211,audio/t_bags_0073_time_stretch_0.wav,339782,bags
1212,audio/background_0010_time_stretch_3.wav,339762,background
1213,audio/bags_0005_time_stretch_3.wav,339356,bags
1214,audio/tt_kd_0012_time_stretch_5.wav,339304,knocking_door
1215,audio/keyboard_0003_time_stretch_2.wav,339278,keyboard
1216,audio/bg_0018.wav,339244,bags
1217,audio/bg_0017.wav,339244,bags
1218,audio/background_0027_time_stretch_13.wav,339218,background
1219,audio/door_0001_time_stretch_13.wav,339120,door
1220,audio/ring_0532.wav,339040,ring
1221,audio/door_0001_time_stretch_9.wav,339024,door
1222,audio/bg_0004_time_stretch_0.wav,338848,bags
1223,audio/t_keyboard_0003_time_stretch_2.wav,338644,keyboard
1224,audio/background_0045_time_stretch_1.wav,338040,background
1225,audio/tool_0908.wav,337964,tool
1226,audio/tool_0909.wav,337964,tool
1227,audio/background_0011_time_stretch_7.wav,337548,background
1228,audio/bags_0036_time_stretch_0.wav,337478,bags
1229,audio/tool_0906.wav,337452,tool
1230,audio/tool_0907.wav,337452,tool
1231,audio/tt_kd_0017_time_stretch_1.wav,337274,knocking_door
1232,audio/t_keyboard_0033_time_stretch_1.wav,337078,keyboard
1233,audio/background_0028_time_stretch_9.wav,336980,background
1234,audio/t_knocking_door_0084_time_stretch_9.wav,336616,knocking_door
1235,audio/ring_0531.wav,336584,ring
1236,audio/bags_0032_time_stretch_1.wav,336384,bags
1237,audio/t_ring_0047.wav,336078,ring
1238,audio/background_0019_time_stretch_8.wav,336044,background
1239,audio/tt_kd_0015_time_stretch_7.wav,335954,knocking_door
1240,audio/background_0018_time_stretch_13.wav,335766,background
1241,audio/bg_0040_time_stretch_1.wav,335700,bags
1242,audio/background_0043.wav,335262,background
1243,audio/t_keyboard_0073_time_stretch_1.wav,335124,keyboard
1244,audio/door_0001_time_stretch_4.wav,334934,door
1245,audio/t_bags_0085_time_stretch_3.wav,334918,bags
1246,audio/keyboard_0028_time_stretch_2.wav,334808,keyboard
1247,audio/background_0046_time_stretch_10.wav,334784,background
1248,audio/tt_kd_0017_time_stretch_8.wav,334510,knocking_door
1249,audio/t_keyboard_0003_time_stretch_0.wav,333730,keyboard
1250,audio/ring_0509.wav,333510,ring
1251,audio/bags_0019_time_stretch_1.wav,333416,bags
1252,audio/ring_0530.wav,333050,ring
1253,audio/speech_0067.wav,332830,speech
1254,audio/background_0002_time_stretch_9.wav,332672,background
1255,audio/tt_kd_0015_time_stretch_8.wav,332648,knocking_door
1256,audio/t_keyboard_0080_time_stretch_2.wav,332640,keyboard
1257,audio/ring_0273.wav,332618,ring
1258,audio/bags_0030_time_stretch_1.wav,332492,bags
1259,audio/t_keyboard_0024_time_stretch_0.wav,332162,keyboard
1260,audio/t_bags_0010_time_stretch_1.wav,332060,bags
1261,audio/tt_k_0011.wav,331934,keyboard
1262,audio/background_0023_time_stretch_8.wav,331868,background
1263,audio/background_0017_time_stretch_8.wav,331678,background
1264,audio/background_0010_time_stretch_0.wav,331644,background
1265,audio/background_0056_time_stretch_3.wav,331230,background
1266,audio/tt_kd_0014_time_stretch_6.wav,331008,knocking_door
1267,audio/bags_0014_time_stretch_3.wav,330964,bags
1268,audio/background_0011_time_stretch_12.wav,330634,background
1269,audio/ring_0070.wav,330586,ring
1270,audio/k_0026_time_stretch_3.wav,330584,keyboard
1271,audio/t_bags_0015_time_stretch_3.wav,330550,bags
1272,audio/tt_k_0005_time_stretch_1.wav,330358,keyboard
1273,audio/t_ring_0054.wav,330318,ring
1274,audio/background_0051_time_stretch_7.wav,330302,background
1275,audio/keyboard_0010_time_stretch_0.wav,330154,keyboard
1276,audio/background_0002_time_stretch_2.wav,329994,background
1277,audio/t_keyboard_0069_time_stretch_2.wav,329938,keyboard
1278,audio/tt_k_0010_time_stretch_2.wav,329900,keyboard
1279,audio/t_keyboard_0038_time_stretch_1.wav,329840,keyboard
1280,audio/background_0054_time_stretch_7.wav,329412,background
1281,audio/background_0039_time_stretch_8.wav,329346,background
1282,audio/t_keyboard_0031.wav,329246,keyboard
1283,audio/speech_0075.wav,329246,speech
1284,audio/background_0021_time_stretch_13.wav,329130,background
1285,audio/t_keyboard_0019_time_stretch_2.wav,329060,keyboard
1286,audio/bags_0004_time_stretch_1.wav,329030,bags
1287,audio/background_0012_time_stretch_11.wav,328530,background
1288,audio/background_0008_time_stretch_6.wav,328420,background
1289,audio/background_0026_time_stretch_4.wav,328348,background
1290,audio/t_keyboard_0034_time_stretch_1.wav,328236,keyboard
1291,audio/bags_0030_time_stretch_3.wav,327968,bags
1292,audio/background_0041_time_stretch_13.wav,327508,background
1293,audio/bg_0036_time_stretch_0.wav,327414,bags
1294,audio/bags_0011_time_stretch_3.wav,327380,bags
1295,audio/keyboard_0006_time_stretch_0.wav,327348,keyboard
1296,audio/tool_1646.wav,327326,tool
1297,audio/background_0015_time_stretch_3.wav,327228,background
1298,audio/bg_0033.wav,327178,bags
1299,audio/bg_0034.wav,327178,bags
1300,audio/background_0010_time_stretch_4.wav,327166,background
1301,audio/tt_k_0003_time_stretch_3.wav,327094,keyboard
1302,audio/t_keyboard_0076_time_stretch_3.wav,327094,keyboard
1303,audio/background_0023_time_stretch_5.wav,326792,background
1304,audio/background_0010_time_stretch_9.wav,326180,background
1305,audio/t_bags_0076_time_stretch_3.wav,325604,bags
1306,audio/k_0024_time_stretch_3.wav,325502,keyboard
1307,audio/background_0053_time_stretch_0.wav,325248,background
1308,audio/ring_0499.wav,325164,ring
1309,audio/background_0026_time_stretch_5.wav,325154,background
1310,audio/background_0046_time_stretch_4.wav,325086,background
1311,audio/background_0041_time_stretch_5.wav,324984,background
1312,audio/keyboard_0034_time_stretch_0.wav,324844,keyboard
1313,audio/knocking_door_0001_time_stretch_2.wav,324802,knocking_door
1314,audio/keyboard_0001_time_stretch_0.wav,324624,keyboard
1315,audio/t_keyboard_0004.wav,324558,keyboard
1316,audio/t_bags_0078_time_stretch_1.wav,324410,bags
1317,audio/background_0050_time_stretch_10.wav,324344,background
1318,audio/background_0046_time_stretch_13.wav,324048,background
1319,audio/ring_0503.wav,323626,ring
1320,audio/ring_0491.wav,323626,ring
1321,audio/ring_0506.wav,323626,ring
1322,audio/ring_0501.wav,323626,ring
1323,audio/ring_0502.wav,323626,ring
1324,audio/ring_0490.wav,323626,ring
1325,audio/ring_0505.wav,323626,ring
1326,audio/ring_0495.wav,323626,ring
1327,audio/ring_0494.wav,323626,ring
1328,audio/ring_0507.wav,323626,ring
1329,audio/ring_0496.wav,323626,ring
1330,audio/ring_0492.wav,323626,ring
1331,audio/ring_0489.wav,323624,ring
1332,audio/ring_0500.wav,323624,ring
1333,audio/k_0030_time_stretch_3.wav,323118,keyboard
1334,audio/k_0034_time_stretch_2.wav,323062,keyboard
1335,audio/background_0015_time_stretch_2.wav,322922,background
1336,audio/tt_k_0008_time_stretch_1.wav,322694,keyboard
1337,audio/background_0033_time_stretch_10.wav,322646,background
1338,audio/bags_0007_time_stretch_1.wav,322398,bags
1339,audio/bg_0045_time_stretch_1.wav,322246,bags
1340,audio/background_0057_time_stretch_9.wav,322202,background
1341,audio/tt_kd_0019_time_stretch_3.wav,322148,knocking_door
1342,audio/background_0005_time_stretch_0.wav,321878,background
1343,audio/ring_0528.wav,321876,ring
1344,audio/ring_0517.wav,321876,ring
1345,audio/ring_0512.wav,321876,ring
1346,audio/ring_0513.wav,321876,ring
1347,audio/ring_0514.wav,321876,ring
1348,audio/ring_0516.wav,321876,ring
1349,audio/ring_0529.wav,321876,ring
1350,audio/ring_0518.wav,321876,ring
1351,audio/ring_0523.wav,321876,ring
1352,audio/ring_0524.wav,321876,ring
1353,audio/ring_0525.wav,321876,ring
1354,audio/ring_0527.wav,321876,ring
1355,audio/ring_0522.wav,321874,ring
1356,audio/ring_0511.wav,321874,ring
1357,audio/background_0027_time_stretch_9.wav,321740,background
1358,audio/knocking_door_0001_time_stretch_10.wav,321532,knocking_door
1359,audio/tt_k_0012_time_stretch_2.wav,321290,keyboard
1360,audio/door_0027_time_stretch_5.wav,321210,door
1361,audio/ring_0510.wav,321204,ring
1362,audio/t_bags_0008_time_stretch_0.wav,320726,bags
1363,audio/background_0031_time_stretch_1.wav,320618,background
1364,audio/background_0026_time_stretch_3.wav,320570,background
1365,audio/t_keyboard_0082_time_stretch_2.wav,320356,keyboard
1366,audio/bg_0025.wav,320084,bags
1367,audio/bg_0026.wav,320084,bags
1368,audio/k_0023.wav,320044,keyboard
1369,audio/k_0026.wav,320044,keyboard
1370,audio/k_0025.wav,320044,keyboard
1371,audio/k_0024.wav,320044,keyboard
1372,audio/t_keyboard_0070_time_stretch_1.wav,319906,keyboard
1373,audio/background_0056_time_stretch_11.wav,319846,background
1374,audio/bg_0039_time_stretch_3.wav,319798,bags
1375,audio/background_0006.wav,319774,background
1376,audio/background_0021_time_stretch_10.wav,319310,background
1377,audio/t_keyboard_0069_time_stretch_1.wav,319216,keyboard
1378,audio/background_0052_time_stretch_11.wav,319056,background
1379,audio/background_0006_time_stretch_3.wav,318806,background
1380,audio/t_keyboard_0070.wav,318798,keyboard
1381,audio/t_bags_0075_time_stretch_1.wav,318668,bags
1382,audio/ring_0001.wav,318494,ring
1383,audio/tt_kd_0012_time_stretch_6.wav,318414,knocking_door
1384,audio/tt_kd_0015_time_stretch_4.wav,318396,knocking_door
1385,audio/tt_kd_0015_time_stretch_6.wav,318224,knocking_door
1386,audio/background_0017_time_stretch_3.wav,317834,background
1387,audio/keyboard_0010_time_stretch_2.wav,317544,keyboard
1388,audio/background_0022_time_stretch_9.wav,317198,background
1389,audio/t_bags_0071_time_stretch_3.wav,316894,bags
1390,audio/t_bags_0002.wav,316878,bags
1391,audio/speech_0096.wav,316878,speech
1392,audio/t_keyboard_0009.wav,316878,keyboard
1393,audio/t_keyboard_0074_time_stretch_2.wav,316748,keyboard
1394,audio/t_bags_0072_time_stretch_0.wav,316626,bags
1395,audio/t_bags_0016_time_stretch_1.wav,316606,bags
1396,audio/tt_k_0003_time_stretch_1.wav,316274,keyboard
1397,audio/bags_0028.wav,316190,bags
1398,audio/bg_0046_time_stretch_1.wav,316182,bags
1399,audio/t_bags_0005_time_stretch_0.wav,316134,bags
1400,audio/bg_0046_time_stretch_3.wav,316028,bags
1401,audio/t_keyboard_0078_time_stretch_0.wav,315828,keyboard
1402,audio/k_0027.wav,315778,keyboard
1403,audio/background_0062_time_stretch_8.wav,315668,background
1404,audio/k_0029_time_stretch_1.wav,314912,keyboard
1405,audio/speech_0047.wav,314910,speech
1406,audio/background_0018_time_stretch_2.wav,314862,background
1407,audio/door_0027_time_stretch_9.wav,314668,door
1408,audio/background_0052_time_stretch_3.wav,314510,background
1409,audio/background_0023_time_stretch_11.wav,314464,background
1410,audio/background_0019_time_stretch_6.wav,314444,background
1411,audio/ring_0288.wav,314248,ring
1412,audio/tt_kd_0013_time_stretch_6.wav,314224,knocking_door
1413,audio/knocking_door_0002_time_stretch_2.wav,314118,knocking_door
1414,audio/t_bags_0081_time_stretch_0.wav,314092,bags
1415,audio/background_0012_time_stretch_10.wav,313682,background
1416,audio/t_door_0055_time_stretch_6.wav,313456,door
1417,audio/k_0028.wav,313388,keyboard
1418,audio/knocking_door_0002_time_stretch_3.wav,313216,knocking_door
1419,audio/tt_kd_0022_time_stretch_3.wav,313100,knocking_door
1420,audio/t_door_0088_time_stretch_13.wav,312874,door
1421,audio/background_0048_time_stretch_3.wav,312848,background
1422,audio/t_keyboard_0009_time_stretch_2.wav,312800,keyboard
1423,audio/background_0038_time_stretch_12.wav,312756,background
1424,audio/keyboard_0002_time_stretch_1.wav,312526,keyboard
1425,audio/background_0050_time_stretch_9.wav,312052,background
1426,audio/background_0027_time_stretch_10.wav,311832,background
1427,audio/background_0042_time_stretch_5.wav,311708,background
1428,audio/tt_kd_0019_time_stretch_1.wav,311530,knocking_door
1429,audio/background_0044_time_stretch_11.wav,311412,background
1430,audio/keyboard_0030_time_stretch_2.wav,311128,keyboard
1431,audio/background_0026_time_stretch_10.wav,311108,background
1432,audio/background_0033_time_stretch_5.wav,311050,background
1433,audio/ring_0377.wav,310924,ring
1434,audio/background_0047_time_stretch_4.wav,310894,background
1435,audio/background_0015_time_stretch_0.wav,310792,background
1436,audio/background_0051_time_stretch_12.wav,310644,background
1437,audio/background_0015_time_stretch_12.wav,310494,background
1438,audio/door_0031_time_stretch_10.wav,310474,door
1439,audio/background_0045_time_stretch_3.wav,310262,background
1440,audio/t_bags_0004_time_stretch_0.wav,310168,bags
1441,audio/background_0023_time_stretch_10.wav,310160,background
1442,audio/background_0005_time_stretch_11.wav,310008,background
1443,audio/knocking_door_0003_time_stretch_6.wav,309804,knocking_door
1444,audio/t_keyboard_0020_time_stretch_2.wav,309792,keyboard
1445,audio/t_keyboard_0072_time_stretch_2.wav,309778,keyboard
1446,audio/background_0054_time_stretch_11.wav,309326,background
1447,audio/t_keyboard_0075.wav,309198,keyboard
1448,audio/ring_0284.wav,309154,ring
1449,audio/t_knocking_door_0002_time_stretch_7.wav,308784,knocking_door
1450,audio/keyboard_0025.wav,308638,keyboard
1451,audio/t_keyboard_0033_time_stretch_2.wav,308526,keyboard
1452,audio/t_bags_0081_time_stretch_1.wav,308316,bags
1453,audio/background_0021_time_stretch_12.wav,308268,background
1454,audio/keyboard_0029_time_stretch_2.wav,308150,keyboard
1455,audio/background_0047_time_stretch_7.wav,308046,background
1456,audio/background_0026_time_stretch_13.wav,308006,background
1457,audio/bg_0034_time_stretch_1.wav,307982,bags
1458,audio/t_bags_0067_time_stretch_3.wav,307956,bags
1459,audio/background_0045_time_stretch_0.wav,307708,background
1460,audio/background_0045_time_stretch_9.wav,307650,background
1461,audio/background_0022_time_stretch_8.wav,307430,background
1462,audio/background_0049_time_stretch_7.wav,307354,background
1463,audio/speech_0098.wav,307278,speech
1464,audio/background_0022_time_stretch_13.wav,307136,background
1465,audio/background_0032_time_stretch_8.wav,307134,background
1466,audio/bags_0031_time_stretch_1.wav,307126,bags
1467,audio/background_0023_time_stretch_1.wav,307000,background
1468,audio/bg_0040_time_stretch_3.wav,306922,bags
1469,audio/background_0010_time_stretch_11.wav,306804,background
1470,audio/t_keyboard_0028_time_stretch_3.wav,306540,keyboard
1471,audio/background_0050_time_stretch_0.wav,306478,background
1472,audio/background_0048_time_stretch_11.wav,306448,background
1473,audio/t_keyboard_0016_time_stretch_0.wav,306368,keyboard
1474,audio/knocking_door_0001_time_stretch_6.wav,306140,knocking_door
1475,audio/t_keyboard_0003_time_stretch_1.wav,306140,keyboard
1476,audio/t_door_0088_time_stretch_4.wav,306136,door
1477,audio/bags_0014_time_stretch_1.wav,305750,bags
1478,audio/background_0021_time_stretch_7.wav,305684,background
1479,audio/tt_k_0002_time_stretch_3.wav,305624,keyboard
1480,audio/t_door_0076_time_stretch_0.wav,305512,door
1481,audio/t_keyboard_0007.wav,305358,keyboard
1482,audio/background_0012_time_stretch_4.wav,305140,background
1483,audio/t_door_0035_time_stretch_8.wav,304734,door
1484,audio/background_0046_time_stretch_12.wav,304712,background
1485,audio/t_keyboard_0078_time_stretch_2.wav,304504,keyboard
1486,audio/background_0045_time_stretch_10.wav,304420,background
1487,audio/keyboard_0031_time_stretch_3.wav,304276,keyboard
1488,audio/t_keyboard_0045_time_stretch_1.wav,304100,keyboard
1489,audio/keyboard_0001_time_stretch_3.wav,304072,keyboard
1490,audio/t_bags_0011_time_stretch_0.wav,304036,bags
1491,audio/keyboard_0002_time_stretch_0.wav,304024,keyboard
1492,audio/background_0051_time_stretch_2.wav,303990,background
1493,audio/t_keyboard_0019.wav,303902,keyboard
1494,audio/t_keyboard_0036_time_stretch_0.wav,303874,keyboard
1495,audio/t_keyboard_0078_time_stretch_1.wav,303778,keyboard
1496,audio/ring_0493.wav,303558,ring
1497,audio/ring_0526.wav,303550,ring
1498,audio/background_0048_time_stretch_7.wav,303546,background
1499,audio/tt_kd_0016_time_stretch_10.wav,303488,knocking_door
1500,audio/speech_0011.wav,303438,speech
1501,audio/background_0027_time_stretch_5.wav,303268,background
1502,audio/background_0050_time_stretch_2.wav,303230,background
1503,audio/bg_0039_time_stretch_1.wav,303220,bags
1504,audio/background_0023_time_stretch_3.wav,303144,background
1505,audio/background_0023_time_stretch_0.wav,303060,background
1506,audio/background_0049_time_stretch_5.wav,302902,background
1507,audio/ring_0267.wav,302836,ring
1508,audio/door_0027_time_stretch_13.wav,302756,door
1509,audio/keyboard_0026.wav,302750,keyboard
1510,audio/background_0001.wav,302750,background
1511,audio/background_0011_time_stretch_1.wav,302330,background
1512,audio/background_0024_time_stretch_9.wav,302286,background
1513,audio/background_0017_time_stretch_0.wav,302180,background
1514,audio/t_bags_0011_time_stretch_3.wav,302150,bags
1515,audio/t_keyboard_0081_time_stretch_1.wav,302110,keyboard
1516,audio/t_keyboard_0034_time_stretch_2.wav,302004,keyboard
1517,audio/background_0051_time_stretch_4.wav,301890,background
1518,audio/t_keyboard_0015.wav,301518,keyboard
1519,audio/background_0051_time_stretch_1.wav,301504,background
1520,audio/knocking_door_0002_time_stretch_11.wav,301462,knocking_door
1521,audio/background_0038_time_stretch_1.wav,301386,background
1522,audio/background_0035_time_stretch_1.wav,301286,background
1523,audio/tt_k_0003_time_stretch_2.wav,300962,keyboard
1524,audio/t_door_0088_time_stretch_2.wav,300950,door
1525,audio/t_keyboard_0040_time_stretch_0.wav,300674,keyboard
1526,audio/t_bags_0057_time_stretch_1.wav,300594,bags
1527,audio/tt_kd_0018_time_stretch_7.wav,300404,knocking_door
1528,audio/t_ring_0030.wav,300318,ring
1529,audio/t_bags_0067.wav,300318,bags
1530,audio/knocking_door_0022_time_stretch_1.wav,300004,knocking_door
1531,audio/background_0013_time_stretch_8.wav,299936,background
1532,audio/background_0016_time_stretch_10.wav,299816,background
1533,audio/t_keyboard_0014.wav,299598,keyboard
1534,audio/background_0033_time_stretch_12.wav,299422,background
1535,audio/background_0016_time_stretch_13.wav,299200,background
1536,audio/background_0021_time_stretch_9.wav,298904,background
1537,audio/background_0026_time_stretch_7.wav,298830,background
1538,audio/background_0042_time_stretch_11.wav,298764,background
1539,audio/tt_kd_0013_time_stretch_4.wav,298760,knocking_door
1540,audio/background_0049_time_stretch_12.wav,298752,background
1541,audio/keyboard_0001_time_stretch_1.wav,298604,keyboard
1542,audio/background_0041_time_stretch_9.wav,298506,background
1543,audio/knocking_door_0003_time_stretch_5.wav,298360,knocking_door
1544,audio/background_0042_time_stretch_1.wav,298298,background
1545,audio/bags_0005_time_stretch_1.wav,298184,bags
1546,audio/speech_0083.wav,297678,speech
1547,audio/background_0008_time_stretch_2.wav,297608,background
1548,audio/ring_0081.wav,297372,ring
1549,audio/t_keyboard_0081_time_stretch_3.wav,297260,keyboard
1550,audio/background_0022_time_stretch_10.wav,296956,background
1551,audio/tt_k_0008_time_stretch_3.wav,296846,keyboard
1552,audio/t_bags_0002_time_stretch_3.wav,296768,bags
1553,audio/t_keyboard_0024_time_stretch_2.wav,296762,keyboard
1554,audio/speech_0052.wav,296734,speech
1555,audio/background_0032_time_stretch_6.wav,296684,background
1556,audio/t_knocking_door_0051_time_stretch_8.wav,296584,knocking_door
1557,audio/ring_0058.wav,296514,ring
1558,audio/background_0031_time_stretch_8.wav,296396,background
1559,audio/background_0027_time_stretch_1.wav,296196,background
1560,audio/tt_kd_0019_time_stretch_4.wav,296130,knocking_door
1561,audio/keyboard_0001_time_stretch_2.wav,296076,keyboard
1562,audio/background_0052_time_stretch_9.wav,295876,background
1563,audio/speech_0014.wav,295758,speech
1564,audio/t_bags_0015.wav,295758,bags
1565,audio/door_0027_time_stretch_1.wav,295462,door
1566,audio/t_keyboard_0072_time_stretch_1.wav,295384,keyboard
1567,audio/tt_k_0005_time_stretch_0.wav,295360,keyboard
1568,audio/background_0046_time_stretch_8.wav,295210,background
1569,audio/tt_kd_0016_time_stretch_4.wav,294976,knocking_door
1570,audio/bags_0032_time_stretch_3.wav,294972,bags
1571,audio/t_bags_0014_time_stretch_1.wav,294890,bags
1572,audio/background_0022_time_stretch_7.wav,294698,background
1573,audio/background_0042_time_stretch_4.wav,294466,background
1574,audio/door_0001_time_stretch_3.wav,294176,door
1575,audio/background_0052_time_stretch_13.wav,294124,background
1576,audio/background_0033_time_stretch_0.wav,293988,background
1577,audio/t_keyboard_0016_time_stretch_2.wav,293944,keyboard
1578,audio/t_knocking_door_0076_time_stretch_3.wav,293444,knocking_door
1579,audio/background_0043_time_stretch_8.wav,293222,background
1580,audio/t_keyboard_0023.wav,293150,keyboard
1581,audio/speech_0042.wav,293150,speech
1582,audio/t_keyboard_0023_time_stretch_2.wav,293040,keyboard
1583,audio/bags_0008_time_stretch_1.wav,292962,bags
1584,audio/knocking_door_0001_time_stretch_11.wav,292848,knocking_door
1585,audio/background_0048_time_stretch_12.wav,292822,background
1586,audio/t_keyboard_0018_time_stretch_1.wav,292516,keyboard
1587,audio/t_keyboard_0024_time_stretch_1.wav,292418,keyboard
1588,audio/background_0055_time_stretch_13.wav,292416,background
1589,audio/background_0004.wav,292382,background
1590,audio/keyboard_0027.wav,292382,keyboard
1591,audio/t_keyboard_0081_time_stretch_2.wav,292224,keyboard
1592,audio/background_0049_time_stretch_2.wav,292144,background
1593,audio/tt_kd_0017_time_stretch_4.wav,292140,knocking_door
1594,audio/k_0040_time_stretch_2.wav,292030,keyboard
1595,audio/background_0047_time_stretch_10.wav,291974,background
1596,audio/ring_0289.wav,291944,ring
1597,audio/speech_0002.wav,291918,speech
1598,audio/t_keyboard_0013.wav,291918,keyboard
1599,audio/background_0038_time_stretch_9.wav,291822,background
1600,audio/t_keyboard_0033_time_stretch_3.wav,291810,keyboard
1601,audio/background_0033_time_stretch_9.wav,291762,background
1602,audio/t_bags_0016_time_stretch_0.wav,291550,bags
1603,audio/t_bags_0006_time_stretch_0.wav,291354,bags
1604,audio/t_bags_0072_time_stretch_3.wav,291200,bags
1605,audio/background_0050_time_stretch_1.wav,291142,background
1606,audio/background_0042_time_stretch_2.wav,290992,background
1607,audio/tt_k_0010_time_stretch_0.wav,290976,keyboard
1608,audio/t_door_0003_time_stretch_2.wav,290666,door
1609,audio/background_0049_time_stretch_13.wav,290550,background
1610,audio/background_0026_time_stretch_2.wav,290336,background
1611,audio/knocking_door_0002_time_stretch_5.wav,290282,knocking_door
1612,audio/t_bags_0077_time_stretch_3.wav,290122,bags
1613,audio/background_0011_time_stretch_2.wav,290038,background
1614,audio/speech_0012.wav,289998,speech
1615,audio/bags_0016_time_stretch_1.wav,289838,bags
1616,audio/t_bags_0046_time_stretch_3.wav,289762,bags
1617,audio/background_0035_time_stretch_2.wav,289716,background
1618,audio/t_keyboard_0041_time_stretch_2.wav,289628,keyboard
1619,audio/t_door_0055_time_stretch_4.wav,289622,door
1620,audio/background_0019.wav,289566,background
1621,audio/tt_kd_0016_time_stretch_6.wav,289322,knocking_door
1622,audio/background_0045_time_stretch_13.wav,289312,background
1623,audio/tt_k_0005_time_stretch_2.wav,289300,keyboard
1624,audio/tt_kd_0017_time_stretch_6.wav,289022,knocking_door
1625,audio/tt_kd_0012_time_stretch_11.wav,288816,knocking_door
1626,audio/background_0024_time_stretch_1.wav,288646,background
1627,audio/background_0062_time_stretch_2.wav,288474,background
1628,audio/knocking_door_0003_time_stretch_1.wav,288454,knocking_door
1629,audio/background_0006_time_stretch_8.wav,288284,background
1630,audio/keyboard_0003_time_stretch_0.wav,288104,keyboard
1631,audio/t_bags_0016_time_stretch_3.wav,288078,bags
1632,audio/door_0001_time_stretch_7.wav,287978,door
1633,audio/keyboard_0009_time_stretch_3.wav,287820,keyboard
1634,audio/tt_kd_0012_time_stretch_9.wav,287780,knocking_door
1635,audio/background_0024_time_stretch_4.wav,287612,background
1636,audio/background_0052_time_stretch_10.wav,287432,background
1637,audio/tt_kd_0022_time_stretch_10.wav,287404,knocking_door
1638,audio/background_0031_time_stretch_12.wav,287312,background
1639,audio/t_door_0055_time_stretch_10.wav,287244,door
1640,audio/tt_kd_0013.wav,287134,knocking_door
1641,audio/tt_k_0002.wav,287134,keyboard
1642,audio/knocking_door_0022_time_stretch_3.wav,287056,knocking_door
1643,audio/t_bags_0076_time_stretch_1.wav,286848,bags
1644,audio/background_0056_time_stretch_1.wav,286806,background
1645,audio/t_bags_0006_time_stretch_1.wav,286654,bags
1646,audio/tt_kd_0022_time_stretch_1.wav,286646,knocking_door
1647,audio/keyboard_0009_time_stretch_0.wav,286614,keyboard
1648,audio/bg_0036.wav,286572,bags
1649,audio/bg_0035.wav,286572,bags
1650,audio/background_0032_time_stretch_3.wav,286524,background
1651,audio/background_0020_time_stretch_12.wav,286458,background
1652,audio/background_0047_time_stretch_12.wav,286406,background
1653,audio/background_0024_time_stretch_6.wav,286318,background
1654,audio/bags_0033_time_stretch_3.wav,286296,bags
1655,audio/speech_0095.wav,286158,speech
1656,audio/t_ring_0024.wav,285982,ring
1657,audio/keyboard_0030_time_stretch_0.wav,285960,keyboard
1658,audio/background_0048_time_stretch_4.wav,285866,background
1659,audio/background_0045_time_stretch_11.wav,285356,background
1660,audio/tt_kd_0016_time_stretch_1.wav,285202,knocking_door
1661,audio/keyboard_0007_time_stretch_1.wav,285178,keyboard
1662,audio/tt_kd_0019_time_stretch_10.wav,284986,knocking_door
1663,audio/t_door_0076_time_stretch_9.wav,284848,door
1664,audio/background_0049_time_stretch_0.wav,284784,background
1665,audio/keyboard_0018_time_stretch_1.wav,284496,keyboard
1666,audio/t_keyboard_0014_time_stretch_3.wav,284474,keyboard
1667,audio/tt_kd_0015_time_stretch_2.wav,284394,knocking_door
1668,audio/knocking_door_0001_time_stretch_8.wav,284364,knocking_door
1669,audio/background_0059_time_stretch_4.wav,284242,background
1670,audio/speech_0005.wav,284238,speech
1671,audio/t_knocking_door_0086_time_stretch_4.wav,284134,knocking_door
1672,audio/bags_0013_time_stretch_3.wav,283876,bags
1673,audio/background_0041_time_stretch_12.wav,283868,background
1674,audio/background_0051_time_stretch_10.wav,283704,background
1675,audio/t_knocking_door_0076_time_stretch_11.wav,283576,knocking_door
1676,audio/keyboard_0028.wav,283550,keyboard
1677,audio/knocking_door_0014_time_stretch_4.wav,283450,knocking_door
1678,audio/background_0032_time_stretch_13.wav,283426,background
1679,audio/speech_0099.wav,283422,speech
1680,audio/ring_0488.wav,283232,ring
1681,audio/t_keyboard_0036_time_stretch_2.wav,283216,keyboard
1682,audio/background_0026_time_stretch_12.wav,283172,background
1683,audio/t_keyboard_0053_time_stretch_1.wav,283016,keyboard
1684,audio/background_0061_time_stretch_9.wav,282998,background
1685,audio/background_0018_time_stretch_7.wav,282930,background
1686,audio/bags_0009_time_stretch_1.wav,282812,bags
1687,audio/background_0049_time_stretch_6.wav,282802,background
1688,audio/knocking_door_0022_time_stretch_5.wav,282762,knocking_door
1689,audio/t_door_0055_time_stretch_1.wav,282654,door
1690,audio/t_keyboard_0045_time_stretch_0.wav,282480,keyboard
1691,audio/keyboard_0031_time_stretch_1.wav,282336,keyboard
1692,audio/t_keyboard_0010.wav,282318,keyboard
1693,audio/bags_0012.wav,282238,bags
1694,audio/background_0015_time_stretch_7.wav,281924,background
1695,audio/background_0015_time_stretch_6.wav,281598,background
1696,audio/background_0004_time_stretch_12.wav,281554,background
1697,audio/t_keyboard_0022_time_stretch_0.wav,281432,keyboard
1698,audio/t_keyboard_0073_time_stretch_0.wav,281418,keyboard
1699,audio/bg_0017_time_stretch_1.wav,281360,bags
1700,audio/knocking_door_0011_time_stretch_6.wav,281336,knocking_door
1701,audio/bags_0012_time_stretch_1.wav,281310,bags
1702,audio/knocking_door_0038_time_stretch_11.wav,281046,knocking_door
1703,audio/background_0017_time_stretch_13.wav,281004,background
1704,audio/t_door_0076_time_stretch_4.wav,280824,door
1705,audio/background_0039_time_stretch_0.wav,280750,background
1706,audio/t_keyboard_0045_time_stretch_3.wav,280674,keyboard
1707,audio/knocking_door_0001_time_stretch_1.wav,280266,knocking_door
1708,audio/bags_0005_time_stretch_0.wav,280100,bags
1709,audio/t_door_0029_time_stretch_1.wav,280088,door
1710,audio/keyboard_0007_time_stretch_0.wav,280024,keyboard
1711,audio/background_0018_time_stretch_9.wav,280004,background
1712,audio/background_0059_time_stretch_8.wav,279964,background
1713,audio/k_0048_time_stretch_0.wav,279962,keyboard
1714,audio/background_0010_time_stretch_6.wav,279910,background
1715,audio/background_0039_time_stretch_13.wav,279758,background
1716,audio/keyboard_0029.wav,279326,keyboard
1717,audio/background_0056_time_stretch_10.wav,278916,background
1718,audio/t_bags_0068_time_stretch_0.wav,278900,bags
1719,audio/background_0054_time_stretch_13.wav,278856,background
1720,audio/background_0021_time_stretch_8.wav,278724,background
1721,audio/t_bags_0006_time_stretch_3.wav,278480,bags
1722,audio/speech_0010.wav,278478,speech
1723,audio/t_door_0001_time_stretch_11.wav,278350,door
1724,audio/k_0045_time_stretch_3.wav,278152,keyboard
1725,audio/background_0004_time_stretch_4.wav,278128,background
1726,audio/t_door_0027_time_stretch_7.wav,278108,door
1727,audio/t_bags_0061_time_stretch_1.wav,277908,bags
1728,audio/t_door_0003_time_stretch_9.wav,277742,door
1729,audio/t_bags_0077_time_stretch_0.wav,277522,bags
1730,audio/bags_0031_time_stretch_3.wav,277444,bags
1731,audio/tt_kd_0019_time_stretch_5.wav,277236,knocking_door
1732,audio/tt_kd_0018_time_stretch_10.wav,277076,knocking_door
1733,audio/k_0029_time_stretch_0.wav,276998,keyboard
1734,audio/background_0018_time_stretch_8.wav,276848,background
1735,audio/background_0048_time_stretch_10.wav,276844,background
1736,audio/background_0046_time_stretch_7.wav,276732,background
1737,audio/ring_0438.wav,276524,ring
1738,audio/background_0057_time_stretch_6.wav,276500,background
1739,audio/tt_kd_0022_time_stretch_6.wav,276356,knocking_door
1740,audio/knocking_door_0011_time_stretch_10.wav,276270,knocking_door
1741,audio/background_0051_time_stretch_0.wav,276238,background
1742,audio/background_0039_time_stretch_7.wav,276224,background
1743,audio/knocking_door_0002_time_stretch_7.wav,276212,knocking_door
1744,audio/t_keyboard_0069_time_stretch_0.wav,276082,keyboard
1745,audio/tt_k_0010_time_stretch_1.wav,275952,keyboard
1746,audio/background_0039_time_stretch_1.wav,275900,background
1747,audio/background_0002_time_stretch_10.wav,275664,background
1748,audio/tt_kd_0018_time_stretch_3.wav,275646,knocking_door
1749,audio/background_0018_time_stretch_6.wav,275628,background
1750,audio/background_0054_time_stretch_5.wav,275440,background
1751,audio/knocking_door_0021_time_stretch_2.wav,275392,knocking_door
1752,audio/background_0045_time_stretch_12.wav,275390,background
1753,audio/background_0051_time_stretch_8.wav,275206,background
1754,audio/background_0028_time_stretch_12.wav,275152,background
1755,audio/background_0056_time_stretch_8.wav,274976,background
1756,audio/background_0010.wav,274974,background
1757,audio/speech_0030.wav,274974,speech
1758,audio/door_0027_time_stretch_8.wav,274806,door
1759,audio/background_0045_time_stretch_8.wav,274766,background
1760,audio/background_0013_time_stretch_10.wav,274722,background
1761,audio/background_0053_time_stretch_8.wav,274626,background
1762,audio/t_keyboard_0040_time_stretch_3.wav,274614,keyboard
1763,audio/background_0033_time_stretch_7.wav,274252,background
1764,audio/bg_0039.wav,274016,bags
1765,audio/bg_0040.wav,274016,bags
1766,audio/door_0001_time_stretch_8.wav,273702,door
1767,audio/background_0048_time_stretch_8.wav,273598,background
1768,audio/background_0059_time_stretch_0.wav,273402,background
1769,audio/background_0020_time_stretch_10.wav,273172,background
1770,audio/t_door_0088_time_stretch_5.wav,273068,door
1771,audio/background_0027_time_stretch_7.wav,273038,background
1772,audio/t_door_0076_time_stretch_6.wav,273034,door
1773,audio/door_0029_time_stretch_13.wav,273022,door
1774,audio/background_0011_time_stretch_0.wav,272956,background
1775,audio/background_0061_time_stretch_5.wav,272952,background
1776,audio/t_door_0003_time_stretch_3.wav,272898,door
1777,audio/background_0022_time_stretch_12.wav,272794,background
1778,audio/tt_kd_0018_time_stretch_9.wav,272526,knocking_door
1779,audio/t_door_0088_time_stretch_3.wav,272486,door
1780,audio/background_0016_time_stretch_8.wav,272426,background
1781,audio/background_0052_time_stretch_5.wav,272142,background
1782,audio/door_0001_time_stretch_11.wav,272020,door
1783,audio/background_0057_time_stretch_11.wav,271598,background
1784,audio/background_0058_time_stretch_7.wav,271340,background
1785,audio/background_0017_time_stretch_6.wav,270992,background
1786,audio/background_0021_time_stretch_11.wav,270938,background
1787,audio/t_keyboard_0082.wav,270798,keyboard
1788,audio/t_bags_0014.wav,270798,bags
1789,audio/speech_0006.wav,270798,speech
1790,audio/t_bags_0005_time_stretch_3.wav,270638,bags
1791,audio/t_bags_0061_time_stretch_3.wav,270550,bags
1792,audio/t_knocking_door_0059_time_stretch_6.wav,270392,knocking_door
1793,audio/background_0007_time_stretch_13.wav,270340,background
1794,audio/ring_0427.wav,270318,ring
1795,audio/background_0015_time_stretch_8.wav,270316,background
1796,audio/ring_0290.wav,270288,ring
1797,audio/background_0008_time_stretch_12.wav,270268,background
1798,audio/t_knocking_door_0051_time_stretch_10.wav,270244,knocking_door
1799,audio/keyboard_0030.wav,270238,keyboard
1800,audio/t_keyboard_0075_time_stretch_1.wav,270178,keyboard
1801,audio/bags_0015_time_stretch_0.wav,270152,bags
1802,audio/bags_0030_time_stretch_0.wav,270044,bags
1803,audio/background_0015_time_stretch_4.wav,270038,background
1804,audio/knocking_door_0001_time_stretch_4.wav,270020,knocking_door
1805,audio/t_keyboard_0033_time_stretch_0.wav,269908,keyboard
1806,audio/background_0039_time_stretch_5.wav,269752,background
1807,audio/keyboard_0010_time_stretch_1.wav,269676,keyboard
1808,audio/background_0061_time_stretch_7.wav,269600,background
1809,audio/background_0058_time_stretch_10.wav,269550,background
1810,audio/bags_0009_time_stretch_0.wav,269514,bags
1811,audio/background_0047_time_stretch_1.wav,269468,background
1812,audio/background_0058_time_stretch_11.wav,269370,background
1813,audio/background_0011_time_stretch_8.wav,269328,background
1814,audio/t_knocking_door_0076_time_stretch_9.wav,269242,knocking_door
1815,audio/tt_kd_0016_time_stretch_2.wav,269202,knocking_door
1816,audio/keyboard_0016_time_stretch_2.wav,269000,keyboard
1817,audio/background_0041_time_stretch_10.wav,268966,background
1818,audio/keyboard_0005_time_stretch_3.wav,268888,keyboard
1819,audio/t_keyboard_0080.wav,268878,keyboard
1820,audio/background_0049_time_stretch_11.wav,268548,background
1821,audio/background_0017_time_stretch_4.wav,268514,background
1822,audio/t_knocking_door_0076_time_stretch_10.wav,268498,knocking_door
1823,audio/t_keyboard_0038_time_stretch_0.wav,268448,keyboard
1824,audio/tt_kd_0014_time_stretch_1.wav,268360,knocking_door
1825,audio/background_0039_time_stretch_9.wav,268356,background
1826,audio/bags_0013_time_stretch_1.wav,267954,bags
1827,audio/background_0051_time_stretch_3.wav,267936,background
1828,audio/background_0021_time_stretch_4.wav,267912,background
1829,audio/keyboard_0033_time_stretch_1.wav,267872,keyboard
1830,audio/speech_0045.wav,267806,speech
1831,audio/background_0024.wav,267806,background
1832,audio/t_door_0003_time_stretch_0.wav,267616,door
1833,audio/keyboard_0010_time_stretch_3.wav,267542,keyboard
1834,audio/d_0002_time_stretch_6.wav,267486,door
1835,audio/background_0016_time_stretch_3.wav,267434,background
1836,audio/ring_0050.wav,267360,ring
1837,audio/ring_0054.wav,267360,ring
1838,audio/ring_0051.wav,267360,ring
1839,audio/ring_0056.wav,267360,ring
1840,audio/ring_0055.wav,267360,ring
1841,audio/ring_0052.wav,267360,ring
1842,audio/ring_0049.wav,267358,ring
1843,audio/background_0052_time_stretch_12.wav,267308,background
1844,audio/t_door_0029_time_stretch_11.wav,267000,door
1845,audio/background_0015_time_stretch_11.wav,266750,background
1846,audio/t_bags_0004_time_stretch_1.wav,266724,bags
1847,audio/knocking_door_0011_time_stretch_11.wav,266644,knocking_door
1848,audio/door_0029_time_stretch_2.wav,266464,door
1849,audio/background_0053_time_stretch_6.wav,266114,background
1850,audio/knocking_door_0026_time_stretch_11.wav,266006,knocking_door
1851,audio/background_0053_time_stretch_4.wav,265964,background
1852,audio/t_keyboard_0060_time_stretch_1.wav,265882,keyboard
1853,audio/t_door_0055_time_stretch_0.wav,265788,door
1854,audio/t_keyboard_0015_time_stretch_1.wav,265458,keyboard
1855,audio/tool_1647.wav,265388,tool
1856,audio/background_0012_time_stretch_9.wav,265204,background
1857,audio/background_0038_time_stretch_7.wav,265198,background
1858,audio/knocking_door_0012_time_stretch_8.wav,265134,knocking_door
1859,audio/door_0030_time_stretch_7.wav,265102,door
1860,audio/t_keyboard_0016.wav,265038,keyboard
1861,audio/t_keyboard_0074.wav,265038,keyboard
1862,audio/t_keyboard_0006.wav,265038,keyboard
1863,audio/background_0015_time_stretch_9.wav,264884,background
1864,audio/ring_0520.wav,264884,ring
1865,audio/k_0041_time_stretch_1.wav,264834,keyboard
1866,audio/t_door_0027_time_stretch_13.wav,264784,door
1867,audio/background_0060_time_stretch_9.wav,264696,background
1868,audio/knocking_door_0036_time_stretch_1.wav,264594,knocking_door
1869,audio/background_0047_time_stretch_2.wav,264388,background
1870,audio/t_keyboard_0024.wav,264222,keyboard
1871,audio/background_0018.wav,264222,background
1872,audio/t_keyboard_0018.wav,264222,keyboard
1873,audio/t_ring_0040.wav,264222,ring
1874,audio/t_keyboard_0034.wav,264222,keyboard
1875,audio/bags_0032_time_stretch_0.wav,263958,bags
1876,audio/knocking_door_0003_time_stretch_4.wav,263924,knocking_door
1877,audio/background_0049_time_stretch_1.wav,263704,background
1878,audio/t_keyboard_0074_time_stretch_1.wav,263626,keyboard
1879,audio/ring_0521.wav,263486,ring
1880,audio/background_0026_time_stretch_11.wav,263414,background
1881,audio/door_0027_time_stretch_7.wav,263370,door
1882,audio/knocking_door_0001_time_stretch_9.wav,263366,knocking_door
1883,audio/k_0042_time_stretch_2.wav,263290,keyboard
1884,audio/background_0033_time_stretch_8.wav,263230,background
1885,audio/background_0031_time_stretch_6.wav,263224,background
1886,audio/knocking_door_0011_time_stretch_8.wav,262988,knocking_door
1887,audio/tt_kd_0012_time_stretch_4.wav,262836,knocking_door
1888,audio/tt_kd_0018_time_stretch_4.wav,262704,knocking_door
1889,audio/tt_k_0005_time_stretch_3.wav,262630,keyboard
1890,audio/t_bags_0010_time_stretch_0.wav,262528,bags
1891,audio/bags_0009_time_stretch_3.wav,262500,bags
1892,audio/background_0015_time_stretch_10.wav,262472,background
1893,audio/t_keyboard_0027_time_stretch_0.wav,262458,keyboard
1894,audio/bg_0042_time_stretch_0.wav,262390,bags
1895,audio/keyboard_0031_time_stretch_2.wav,262348,keyboard
1896,audio/background_0022_time_stretch_2.wav,262244,background
1897,audio/background_0042_time_stretch_6.wav,262238,background
1898,audio/knocking_door_0003_time_stretch_9.wav,262226,knocking_door
1899,audio/background_0042.wav,262046,background
1900,audio/t_door_0029_time_stretch_4.wav,262014,door
1901,audio/t_bags_0069_time_stretch_0.wav,261870,bags
1902,audio/background_0046_time_stretch_2.wav,261750,background
1903,audio/t_knocking_door_0059_time_stretch_9.wav,261720,knocking_door
1904,audio/tt_kd_0013_time_stretch_3.wav,261424,knocking_door
1905,audio/t_bags_0075_time_stretch_3.wav,261352,bags
1906,audio/keyboard_0015_time_stretch_2.wav,261330,keyboard
1907,audio/background_0054_time_stretch_9.wav,261264,background
1908,audio/speech_0009.wav,261198,speech
1909,audio/t_bags_0025_time_stretch_1.wav,260984,bags
1910,audio/t_keyboard_0076_time_stretch_2.wav,260874,keyboard
1911,audio/t_door_0045_time_stretch_5.wav,260766,door
1912,audio/tt_kd_0018_time_stretch_5.wav,260752,knocking_door
1913,audio/t_bags_0071_time_stretch_1.wav,260718,bags
1914,audio/t_keyboard_0041_time_stretch_0.wav,260706,keyboard
1915,audio/ring_0002.wav,260638,ring
1916,audio/t_ring_0042.wav,260638,ring
1917,audio/t_ring_0035.wav,260638,ring
1918,audio/background_0046_time_stretch_1.wav,260592,background
1919,audio/background_0053_time_stretch_10.wav,260536,background
1920,audio/bags_0008_time_stretch_3.wav,260384,bags
1921,audio/background_0041_time_stretch_8.wav,260346,background
1922,audio/keyboard_0013_time_stretch_0.wav,260324,keyboard
1923,audio/door_0027_time_stretch_0.wav,260264,door
1924,audio/t_bags_0087_time_stretch_3.wav,260236,bags
1925,audio/background_0039_time_stretch_4.wav,260226,background
1926,audio/background_0038_time_stretch_0.wav,260122,background
1927,audio/ring_0515.wav,260094,ring
1928,audio/ring_0053.wav,260086,ring
1929,audio/background_0029_time_stretch_7.wav,260018,background
1930,audio/background_0035_time_stretch_13.wav,259862,background
1931,audio/background_0028_time_stretch_13.wav,259776,background
1932,audio/keyboard_0009_time_stretch_2.wav,259756,keyboard
1933,audio/t_door_0088_time_stretch_10.wav,259602,door
1934,audio/background_0061_time_stretch_2.wav,259552,background
1935,audio/keyboard_0006_time_stretch_1.wav,259526,keyboard
1936,audio/t_knocking_door_0082_time_stretch_4.wav,259494,knocking_door
1937,audio/bags_0011_time_stretch_0.wav,259424,bags
1938,audio/background_0032_time_stretch_11.wav,259422,background
1939,audio/background_0042_time_stretch_13.wav,259206,background
1940,audio/t_keyboard_0065_time_stretch_0.wav,259148,keyboard
1941,audio/background_0011_time_stretch_13.wav,259084,background
1942,audio/t_door_0029_time_stretch_9.wav,258904,door
1943,audio/t_keyboard_0028_time_stretch_1.wav,258740,keyboard
1944,audio/background_0047_time_stretch_8.wav,258726,background
1945,audio/tt_k_0009.wav,258718,keyboard
1946,audio/tt_k_0006.wav,258718,keyboard
1947,audio/tt_kd_0016_time_stretch_9.wav,258686,knocking_door
1948,audio/tt_kd_0018_time_stretch_6.wav,258546,knocking_door
1949,audio/background_0020_time_stretch_13.wav,258422,background
1950,audio/background_0035_time_stretch_6.wav,258378,background
1951,audio/background_0055_time_stretch_4.wav,258370,background
1952,audio/bags_0015_time_stretch_3.wav,258266,bags
1953,audio/keyboard_0032_time_stretch_2.wav,258226,keyboard
1954,audio/keyboard_0007_time_stretch_2.wav,258104,keyboard
1955,audio/ring_0366.wav,258090,ring
1956,audio/background_0011_time_stretch_5.wav,257828,background
1957,audio/background_0028_time_stretch_10.wav,257760,background
1958,audio/bags_0006_time_stretch_3.wav,257660,bags
1959,audio/door_0028_time_stretch_11.wav,257652,door
1960,audio/background_0056_time_stretch_2.wav,257404,background
1961,audio/t_bags_0008_time_stretch_1.wav,257360,bags
1962,audio/speech_0088.wav,257358,speech
1963,audio/t_door_0020_time_stretch_6.wav,257356,door
1964,audio/t_knocking_door_0076_time_stretch_7.wav,257290,knocking_door
1965,audio/ring_0442.wav,257286,ring
1966,audio/background_0056_time_stretch_12.wav,257200,background
1967,audio/t_keyboard_0025_time_stretch_1.wav,257174,keyboard
1968,audio/knocking_door_0022.wav,257054,knocking_door
1969,audio/t_keyboard_0020.wav,257054,keyboard
1970,audio/background_0023.wav,257054,background
1971,audio/t_ring_0026.wav,257054,ring
1972,audio/t_keyboard_0041_time_stretch_3.wav,256934,keyboard
1973,audio/knocking_door_0014_time_stretch_7.wav,256914,knocking_door
1974,audio/t_bags_0027_time_stretch_3.wav,256842,bags
1975,audio/background_0052_time_stretch_4.wav,256628,background
1976,audio/door_0028_time_stretch_7.wav,256442,door
1977,audio/background_0002_time_stretch_13.wav,256318,background
1978,audio/background_0051_time_stretch_13.wav,256258,background
1979,audio/knocking_door_0036_time_stretch_7.wav,256242,knocking_door
1980,audio/background_0002_time_stretch_8.wav,256182,background
1981,audio/k_0031_time_stretch_1.wav,256068,keyboard
1982,audio/background_0061_time_stretch_13.wav,255866,background
1983,audio/background_0057_time_stretch_4.wav,255814,background
1984,audio/background_0019_time_stretch_4.wav,255692,background
1985,audio/background_0067_time_stretch_6.wav,255672,background
1986,audio/tool_1597.wav,255580,tool
1987,audio/tool_1596.wav,255580,tool
1988,audio/t_keyboard_0081_time_stretch_0.wav,255500,keyboard
1989,audio/background_0041_time_stretch_3.wav,255480,background
1990,audio/t_ring_0045.wav,255438,ring
1991,audio/background_0041_time_stretch_6.wav,255370,background
1992,audio/t_knocking_door_0051_time_stretch_4.wav,255288,knocking_door
1993,audio/background_0010_time_stretch_12.wav,255112,background
1994,audio/background_0060_time_stretch_13.wav,255028,background
1995,audio/background_0032_time_stretch_10.wav,254796,background
1996,audio/background_0016_time_stretch_0.wav,254694,background
1997,audio/background_0010_time_stretch_10.wav,254614,background
1998,audio/keyboard_0033_time_stretch_3.wav,254550,keyboard
1999,audio/keyboard_0006_time_stretch_3.wav,254532,keyboard
